3;Die Toten zum Leben erwecken;Level 3 Nekromantie;1 min;3 m;V, G, M;Unmittelbar;"(ein Tropfen Blut, ein Stück Fleisch und eine Prise Knochenstaub) Wähle einen Knochenhaufen oder die Leiche eines mittelgroßen oder kleinen Humanoiden in Reichweite. Das Ziel wird zu einer untoten Kreatur: zu einem Skelett, wenn du Knochen gewählt hast, oder zu einem Zombie, wenn du eine Leiche gewählt hast (siehe Anhang B für die Charakterwerte).<br><br>In jedem deiner Züge kannst du eine Bonus Aktion ausführen, um jede Kreatur, die du mit diesem Zauber erschaffen hast, mental zu befehligen, sofern sich die Kreatur in60 feetdeiner Nähe befindet (wenn du mehrere Kreaturen kontrollierst, kannst du jede von ihnen gleichzeitig befehligen und jedem denselben Befehl erteilen). Du entscheidest, welche Aktion die Kreatur ausführt und wohin sie sich in ihrem nächsten Zug bewegt, oder du kannst einen allgemeinen Befehl erteilen, beispielsweise eine Kammer oder einen Korridor zu bewachen. Wenn du keine Befehle erteilst, führt die Kreatur die Aktion „Ausweichen"" aus und bewegt sich nur, um Schaden zu vermeiden. Sobald ein Befehl erteilt wurde, befolgt die Kreatur diesen so lange, bis ihre Aufgabe erfüllt ist.<br><br>Die Kreatur steht 24 Stunden lang unter deiner Kontrolle; danach befolgt sie keine deiner Befehle mehr. Um die Kontrolle über die Kreatur für weitere 24 Stunden aufrechtzuerhalten, musst du diesen Zauber erneut auf die Kreatur wirken, bevor der aktuelle 24-Stunden-Zeitraum endet. Durch diese Anwendung des Zaubers erlangst du erneut die Kontrolle über bis zu vier Kreaturen, die du mit diesem Zauber zum Leben erweckt hast, anstatt eine neue Kreatur zum Leben zu erwecken.<br><br><b>Auf höheren Level gewirkt:</b>Für jede Zauberstufe über 3 belebst du zwei weitere untote Kreaturen wieder oder übernimmst erneut die Kontrolle über sie. Jede dieser Kreaturen muss von einer anderen Leiche oder einem anderen Knochenhaufen stammen.";Kleriker, Magier;
3;Aura der Vitalität;Level 3 Bannmagie;1 Aktion;Selbst;V;Konzentration, bis zu 1 min;Für die Dauer des30-footZaubers strahlt eine Aura von dir aus. Wenn du die Aura erschaffst und zu Beginn jedes deiner Züge, solange sie andauert, kannst du einer Kreatur in ihrem Wirkungsbereich Lebenspunkte 2d6wiederherstellen.;Kleriker, Druide, Paladin;
3;Leuchtfeuer der Hoffnung;Level 3 Bannmagie;1 Aktion;9 m;V, G;Konzentration, bis zu 1 min;Wähle eine beliebige Anzahl von Kreaturen in Reichweite aus. Für die Dauer erhält jedes Ziel einen Vorteil bei Weisheits- und Todesrettungswürfen und gewinnt durch jede Heilung die maximal mögliche Anzahl an Trefferpunkten zurück.;Kleriker;
3;Fluch auferlegen;Level 3 Nekromantie;1 Aktion;Berührung;V, G;Konzentration, bis zu 1 min;"Du berührst eine Kreatur, die einen WIS-Rettungswurf bestehen muss, sonst wird sie für die Dauer des Zaubers verflucht. Bis der Fluch endet, erleidet das Ziel einen der folgenden Effekte deiner Wahl:<br><br>Wähle eine Fähigkeit aus. Das Ziel erleidet Nachteil bei Fähigkeitsproben und Rettungswürfen, die mit dieser Fähigkeit durchgeführt werden. Das Ziel erleidet Nachteil bei Angriffswürfen gegen dich. Im Kampf muss das Ziel zu Beginn jedes seiner Züge einen WIS-Rettungswurf bestehen oder in diesem Zug die Aktion „Ausweichen"" ausführen. Wenn du dem Ziel mit einem Angriffswurf oder einem Zauber Schaden zufügst, erleidet das Ziel zusätzlich1d8 nekrotischen Schaden.<br><br><b>Auf höheren Level gewirkt:</b>Wenn du diesen Zauber mit einem Zauberslot der Stufe 4 wirkst, kannst du die Konzentration darauf bis zu 10 Minuten lang aufrechterhalten. Wenn du einen Zauberslot der Stufe 5 oder höher verwendest, erfordert der Zauber keine Konzentration, und die Wirkungsdauer beträgt 8 Stunden (Slot der Stufen 5-6) oder 24 Stunden (Slot der Stufen 7-8). Wenn du einen Zauberslot der Stufe 9 verwendest, hält der Zauber so lange an, bis er gebannt wird.";Barde, Kleriker, Magier;
3;Blendender Schlag;Level 3 Hervorrufung;1 Bonus Aktion, die du unmittelbar nach einem Treffer gegen eine Kreatur mit einer Nahkampfwaffe oder einem unbewaffneten Schlag ausführst;Selbst;;1 min;"Das von dem Schlag getroffene Ziel erleidet zusätzlichen3d8Strahlungsschaden durch den Angriff und befindet sich bis zum Ende des Zaubers unter dem Zustand „Geblendet"". Am Ende jedes seiner Züge führt das geblendete Ziel einen Konstitutionsrettungswurf durch; bei Erfolg endet der Zauber für dieses Ziel.<br><br><b>Auf höheren Level gewirkt:</b>Der zusätzliche Schaden erhöht sich um1d8 pro Zauberslot-Stufe über 3.";Paladin;
3;Blinken;Level 3 Verwandlungsmagie;1 Aktion;Selbst;V, G;1 min;"Würfle1d6am Ende jedes deiner Züge, solange der Zauber wirkt. Bei einer Augenzahl von 4-6 verschwindest du aus deiner aktuellen Existenzebene und erscheinst in der Ätherischen Ebene (der Zauber endet Unmittelbar, wenn du dich bereits in dieser Ebene befindest). Während du dich auf der Ätherischen Ebene befindest, kannst du die Ebene, die du verlassen hast, wahrnehmen; sie erscheint in Grautönen, aber du kannst dort nichts weiter als60 feet entfernt sehen. Du kannst nur andere Kreaturen auf der Ätherischen Ebene beeinflussen und von ihnen beeinflusst werden, und Kreaturen auf der anderen Ebene können dich nicht wahrnehmen, es sei denn, sie verfügen über eine besondere Fähigkeit, die es ihnen ermöglicht, Dinge auf der Ätherischen Ebene wahrzunehmen.<br><br>Du kehrst zu Beginn deines nächsten Zuges und bei Ende des Zauberspruchs auf die andere Ebene zurück, sofern du dich auf der Ätherischen Ebene befindest. Du kehrst zu einem freien Feld deiner Wahl zurück, das du innerhalb10 feeteiner Reichweite von vom Feld, das du verlassen hast, sehen kannst. Ist innerhalb dieser Reichweite kein freies Feld verfügbar, erscheinst du auf dem nächstgelegenen freien Feld.";Artificer, Zauberer, Magier;
3;Ruf Lightning an;Level 3 Beschwörung;1 Aktion;36 m;V, G;Konzentration, bis zu 10 min;"Eine Gewitterwolke erscheint an einer Stelle in Sichtweite über dir. Sie hat die Form eines Zylinders, der hoch 10 feetist und einen60-foot Radius hat.<br><br>Wenn du den Zauber wirkst, wähle einen Punkt unter der Wolke, den du sehen kannst. Ein Blitz schießt von der Wolke zu diesem Punkt. Jede Kreatur im Umkreis5 feetvon um diesen Punkt muss einen Geschicklichkeitsrettungswurf durchführen; bei einem misslungenen Rettungswurf erleidet sie3d10 Blitzschaden, bei einem erfolgreichen Rettungswurf nur die Hälfte dieses Schadens.<br><br>Solange der Zauber wirkt, kannst du eine magische Aktion ausführen, um auf diese Weise erneut einen Blitz herabzurufen, wobei du denselben oder einen anderen Punkt als Ziel wählen kannst.<br><br>Wenn du dich beim Wirken dieses Zaubers im Freien in einem Sturm befindest, übergibt dir der Zauber die Kontrolle über diesen Sturm, anstatt einen neuen zu erzeugen. Unter solchen Bedingungen erhöht sich der Schaden des Zaubers um 1W10.<br><br><b>Auf höheren Level gewirkt:</b>Der Schaden erhöht sich um1d10 pro Zauberslot-Stufe über 3.";Druide;
3;Hellsehen;Level 3 Erkenntnismagie;10 min;1,584 km;V, G, M;Konzentration, bis zu 10 min;"(ein Fokus im Wert von 100+ GP, entweder ein mit Edelsteinen besetztes Horn zum Hören oder ein Glasauge zum Sehen) Du erschaffst einen unsichtbaren Sensor innerhalb der Reichweite an einem dir vertrauten Ort (einem Ort, den du zuvor besucht oder gesehen hast) oder an einem offensichtlichen Ort, der dir unbekannt ist (wie beispielsweise hinter einer Tür, um eine Ecke oder in einem Wäldchen). Der immaterielle, unverwundbare Sensor bleibt für die gesamte Dauer an Ort und Stelle.<br><br>Wenn du den Zauber wirkst, wähle zwischen Sehen und Hören. Du kannst den gewählten Sinn über den Sensor nutzen, als befändest du dich in dessen Bereich. Als Bonus Aktion kannst du zwischen Sehen und Hören wechseln.<br><br>Ein Wesen, das den Sensor wahrnimmt (z. B. ein Wesen, das von der Fähigkeit „Unsichtbares sehen"" oder „Wahrsicht"" profitiert), sieht einen leuchtenden Ball von etwa der Größe deiner Faust.";Barde, Kleriker, Zauberer, Magier;
3;Tiere beschwören;Level 3 Beschwörung;1 Aktion;18 m;V, G;Konzentration, bis zu 10 min;Du beschwörst Naturgeister, die als großes Rudel geisterhafter, nicht greifbarer Tiere an einem freien Ort erscheinen, den du innerhalb der Reichweite sehen kannst. Das Rudel bleibt für die gesamte Dauer bestehen, und du wählst die Tiergestalt der Geister, beispielsweise Wölfe, Schlangen oder Vögel.<br><br>Solange du dich in5 feetder Nähe des Rudels befindest, erhältst du einen Vorteil bei Stärke-Rettungswürfen, und wenn du dich in deinem Zug bewegst, kannst du das Rudel zudem bis zu30 feet auf ein freies Feld bewegen, das du sehen kannst.<br><br>Immer wenn sich das Rudel auf10 feet einer Kreatur nähert, die du sehen kannst, und immer wenn eine Kreatur, die du sehen kannst, ein Feld innerhalb10 feetvon des Rudels betritt oder ihren Zug dort beendet, kannst du diese Kreatur zwingen, einen DEX-Rettungswurf durchzuführen. Bei einem misslungenen Rettungswurf erleidet die Kreatur 3d10Schadenspunkte durch Schnittwunden. Eine Kreatur darf diesen Rettungswurf nur einmal pro Zug durchführen.<br><br><b>Auf höheren Level gewirkt:</b>Der Schaden erhöht sich um1d10 pro Zauberslot-Stufe über 3.;Druide, Waldläufer;
3;Zauber: Sperrfeuer;Level 3 Beschwörung;1 Aktion;Selbst;V, G, M;Unmittelbar;(eine Nahkampf- oder Fernkampfwaffe im Wert von mindestens 1 CP) Du schwenkst die Waffe, mit der du den Zauber gewirkt hast, und beschwörst ähnliche geisterhafte Waffen (oder der Waffe entsprechende Munition), die nach vorne schießen und dann verschwinden. Jede Kreatur deiner Wahl, die du in einem60-footKegel sehen kannst, führt einen DEX-Rettungswurf durch und erleidet bei einem 5d8misslungenen Rettungswurf Kraftschaden oder bei einem erfolgreichen Rettungswurf die Hälfte dieses Schadens.<br><br><b>Auf höheren Level gewirkt:</b>Der Schaden erhöht sich um1d8 pro Zauberslot-Stufe über 3.;Waldläufer;
3;Gegenzauber;Level 3 Bannmagie;1 Reaktion, die du ausführst, wenn du siehst, wie eine Kreatur in60 feetdeiner Nähe einen Zauber mit verbalen, somatischen oder materiellen Komponenten wirkt;18 m;G;Unmittelbar;Du versuchst, eine Kreatur zu stören, während sie einen Zauber wirkt. Die Kreatur führt einen CON-Rettungswurf durch. Bei einem misslungenen Rettungswurf löst sich der Zauber wirkungslos auf, und die Aktion, Bonus Aktion oder Reaktion, die zu seiner Wirkung verwendet wurde, ist verschwendet. Wurde dieser Zauber mit einem Zauberslot gewirkt, wird der Slot nicht verbraucht.;Zauberer, Hexenmeister, Magier;
3;Lebensmittel und Wasser bereitstellen;Level 3 Beschwörung;1 Aktion;9 m;V, G;Unmittelbar;"Du erzeugst 45 Pfund Nahrung und 30 Gallonen frisches Wasser auf dem Boden oder in Behältern in Reichweite - beides hilft dir, den Gefahren von Unterernährung und Dehydrierung zu entgehen. Die Nahrung ist zwar fade, aber nahrhaft und sieht aus wie ein Gericht deiner Wahl; das Wasser ist sauber. Die Nahrung verdirbt nach 24 Stunden, wenn sie nicht verzehrt wird.";Artificer, Kleriker, Paladin;
3;Der Mantel des Kreuzritters;Level 3 Hervorrufung;1 Aktion;Selbst;V;Konzentration, bis zu 1 min;In einer30-footEmanation strahlst du eine magische Aura aus. Befinden sich Verbündete in dieser Aura, verursachen sie jeweils zusätzlichen1d4Strahlungsschaden, wenn sie mit einer Waffe oder einem waffenlosen Angriff treffen.;Paladin;
3;Tageslicht;Level 3 Hervorrufung;1 Aktion;18 m;V, G;1 h;"Während der Wirkungsdauer breitet sich das Sonnenlicht von einem Punkt innerhalb der Reichweite aus und füllt eine Kugel mit dem60-foot Radius S. Der Bereich des Sonnenlichts gilt als „helles Licht"" und wirft zusätzlich „schwaches Licht"" über eine weitere Entfernung von 18 m.<br><br>Alternativ kannst du den Zauber auf einen Gegenstand wirken, der weder getragen noch mitgeführt wird, wodurch das Sonnenlicht eine von diesem Gegenstand60-foot ausgehende Ausstrahlung erfüllt. Wenn du diesen Gegenstand mit etwas Undurchsichtigem, wie beispielsweise einer Schale oder einem Helm, bedeckst, wird das Sonnenlicht abgeblockt.<br><br>Wenn sich ein Teil des Wirkungsbereichs dieses Zaubers mit dem Wirkungsbereich eines durch einen Zauber der Stufe 3 oder niedriger erzeugten Dunkelheitsbereichs überschneidet, wird dieser andere Zauber gebannt.";Kleriker, Druide, Paladin, Waldläufer, Zauberer;
3;Magie bannen;Level 3 Bannmagie;1 Aktion;36 m;V, G;Unmittelbar;Wähle ein Lebewesen, einen Gegenstand oder einen magischen Effekt in Reichweite. Alle auf das Ziel wirkenden Zauber der Stufe 3 oder niedriger enden. Führe für jeden auf das Ziel wirkenden Zauber der Stufe 4 oder höher einen Fähigkeitswurf mit deiner Zauberfertigkeit (DC 10zuzüglich der Stufe des Zaubers) durch. Bei einem erfolgreichen Wurf endet der Zauber.<br><br><b>Auf höheren Level gewirkt:</b>Du beendest einen Zauber auf das Ziel automatisch, wenn die Stufe des Zaubers gleich oder niedriger ist als die Stufe des von dir verwendeten Zauberslots.;Artificer, Barde, Kleriker, Druide, Paladin, Waldläufer, Zauberer, Hexenmeister, Magier;
3;Elementarwaffe;Level 3 Verwandlungsmagie;1 Aktion;Berührung;V, G;Konzentration, bis zu 1 h;Eine nichtmagische Waffe, die du berührst, wird zu einer magischen Waffe. Wähle eine der folgenden Schadensarten: Säure, Kälte, Feuer, Blitz oder Donner. Für die Dauer erhält die Waffe einen Bonus von +1 auf Angriffswürfe und verursacht bei einem Treffer zusätzlichen1d4Schaden der gewählten Art.<br><br><b>Auf höheren Level gewirkt:</b>Wenn du einen Zauberslot der Stufen 5-6 verwendest, erhöht sich der Bonus auf Angriffswürfe auf +2 und der zusätzliche Schaden auf 2W4. Wenn du einen Zauberslot der Stufe 7+ verwendest, erhöht sich der Bonus auf +3 und der zusätzliche Schaden auf 3W4.;Artificer, Druide, Paladin, Waldläufer;
3;Mann;Level 3 Illusionsmagie;1 Aktion;Selbst;V, G, M;Konzentration, bis zu 1 min;"(eine weiße Feder) Jedes Wesen im Wirkungsbereich30-footdes Zaubers muss einen WIS-Rettungswurf bestehen, sonst lässt es alles fallen, was es gerade in den Händen hält, und erhält für die Dauer des Zaubers den Zustand „Verängstigt"".<br><br>Eine verängstigte Kreatur führt in jedem ihrer Züge die Aktion „Ausweichen"" aus und bewegt sich auf dem sichersten Weg von dir weg, es sei denn, sie kann sich nirgendwohin bewegen. Beendet die Kreatur ihren Zug auf einem Feld, von dem aus sie keine Sichtverbindung zu dir hat, führt sie einen WIS-Rettungswurf durch. Bei einem erfolgreichen Rettungswurf endet der Zauber für diese Kreatur.";Barde, Zauberer, Hexenmeister, Magier;
3;Sich tot stellen;Level 3 Nekromantie;1 Aktion or Ritual;Berührung;V, G, M;1 h;"(eine Prise Friedhofserde) Du berührst ein williges Wesen und versetzt es in einen kataleptischen Zustand, der vom Tod nicht zu unterscheiden ist.<br><br>Während der Dauer erscheint das Ziel nach äußerem Anschein und bei Zaubersprüchen, die den Status des Ziels ermitteln, als tot. Das Ziel befindet sich in den Zuständen „Geblendet"" und „Handlungsunfähig"", und seine Bewegungsgeschwindigkeit beträgt 0.<br><br>Das Ziel verfügt außerdem über Widerstand gegen jeglichen Schaden außer Psischaden und ist immun gegen den Zustand „Vergiftet"".";Barde, Kleriker, Druide, Magier;
3;Feuerball;Level 3 Hervorrufung;1 Aktion;45 m;V, G, M;Unmittelbar;"(ein Klumpen aus Fledermauskot und Schwefel) Ein heller Lichtstrahl schießt von dir zu einem Punkt deiner Wahl innerhalb der Reichweite und entfaltet sich mit einem leisen Dröhnen zu einer feurigen Explosion. Jede Kreatur in einer Kugel mit dem20-foot Radius S, deren Mittelpunkt dieser Punkt ist, muss einen Geschicklichkeitsrettungswurf durchführen; bei einem misslungenen Rettungswurf erleidet sie8d6Feuerschaden, bei einem erfolgreichen Rettungswurf nur die Hälfte des Schadens.<br><br>Entzündliche Gegenstände in der Umgebung, die nicht getragen oder mitgeführt werden, fangen Feuer.<br><br><b>Auf höheren Level gewirkt:</b>Der Schaden erhöht sich um1d6 pro Zauberslot-Stufe über 3.";Zauberer, Magier;
3;Flug;Level 3 Verwandlungsmagie;1 Aktion;Berührung;V, G, M;Konzentration, bis zu 10 min;(eine Feder) Du berührst ein williges Wesen. Für die Dauer des Zaubers erhält das Ziel eine Fluggeschwindigkeit von60 feet und kann in der Luft schweben. Wenn der Zauber endet, fällt das Ziel, sofern es sich noch in der Luft befindet, es sei denn, es kann den Fall aufhalten.<br><br><b>Auf höheren Level gewirkt:</b>Du kannst für jede Zauberstufe über 3 eine weitere Kreatur als Ziel wählen.;Artificer, Zauberer, Hexenmeister, Magier;
3;Gasförmig;Level 3 Verwandlungsmagie;1 Aktion;Berührung;V, G, M;Konzentration, bis zu 1 h;"(ein Stück Gaze) Ein williges Wesen, das du berührst, verwandelt sich - zusammen mit allem, was es trägt oder bei sich hat - für die Dauer des Zaubers in eine neblige Wolke. Der Zauber endet für das Ziel, wenn dessen TP auf 0 sinken oder wenn es eine magische Aktion ausführt, um den Zauber auf sich selbst zu beenden.<br><br>In dieser Gestalt kann sich das Ziel nur mit einer Fluggeschwindigkeit von bewegen 10 feetund in der Luft schweben. Das Ziel kann den Platz einer anderen Kreatur einnehmen. Das Ziel verfügt über Widerstand gegen Schlag-, Stich- und Schnittschaden; es ist immun gegen den Zustand „am Boden liegend"" und erhält Vorteil bei Rettungswürfen auf Stärke, Geschicklichkeit und Konstitution. Das Ziel kann durch enge Öffnungen hindurchgehen, behandelt Flüssigkeiten jedoch wie feste Oberflächen.<br><br>Das Ziel kann weder sprechen noch Gegenstände bewegen, und Gegenstände, die es bei sich trug oder in der Hand hielt, können nicht fallen gelassen, benutzt oder auf andere Weise manipuliert werden. Schließlich kann das Ziel weder angreifen noch Zauber wirken.<br><br><b>Auf höheren Level gewirkt:</b>Du kannst für jede Zauberstufe über 3 eine weitere Kreatur als Ziel wählen.";Zauberer, Hexenmeister, Magier;
3;Glyphe der Abwehr;Level 3 Bannmagie;1 h;Berührung;V, G, M;Until dispelled or triggered;"(Diamantpulver im Wert von 200+ GP, das der Zauber verbraucht) Du ritzst ein Symbol ein, das später eine magische Wirkung entfaltet. Du bringst sie entweder auf einer Oberfläche (wie einem Tisch oder einem Teil des Bodens) oder in einem verschließbaren Gegenstand (wie einem Buch oder einer Truhe) an, um das Symbol zu verbergen. Das Symbol kann einen Bereich mit einem Durchmesser10 feet von höchstens abdecken. Wenn die Oberfläche oder der Gegenstand mehr als10 feet von dem Ort entfernt wird, an dem du diesen Zauber gewirkt hast, wird das Symbol zerstört und der Zauber endet, ohne ausgelöst zu werden.<br><br>Das Zeichen ist kaum wahrnehmbar und kann nur erkannt werden, wenn ein erfolgreicher Weisheitswurf (Wahrnehmung) gegen deinen Zauber-Rettungswurf-SG gelingt.<br><br>Wenn du die Glyphe einritzt, legst du ihren Auslöser fest und entscheidest, ob es sich um eine explosive Rune oder eine Zauberglyphe handelt, wie im Folgenden erläutert wird.<br><br>Lege den Auslöser fest. Du entscheidest, was das Glyph auslöst, wenn du den Zauber wirkst. Bei Glyphen, die auf eine Oberfläche eingraviert sind, sind häufige Auslöser das Berühren oder Betreten des Glyphs, das Entfernen eines anderen Objekts, das es bedeckt, oder das Herannahen auf eine bestimmte Entfernung. Bei Glyphen, die in ein Objekt eingraviert sind, sind häufige Auslöser das Öffnen dieses Objekts oder das Erblicken des Glyphs. Sobald ein Glyph ausgelöst wurde, endet dieser Zauber.<br><br>Du kannst den Auslöser so anpassen, dass er nur bei Kreaturen bestimmter Arten ausgelöst wird (die Glyphe könnte beispielsweise so eingestellt werden, dass sie nur auf Aberrationen wirkt). Du kannst auch Bedingungen festlegen, unter denen Kreaturen den Auslöser nicht auslösen, beispielsweise wenn sie ein bestimmtes Passwort sagen.<br><br>Explosionsrune. Bei Auslösung bricht die Rune in einer Kugel mit einem20-foot Radius von [R] um ihren Mittelpunkt herum in magischer Energie aus. Jede Kreatur in diesem Bereich muss einen Geschicklichkeitsrettungswurf durchführen. Bei einem misslungenen Rettungswurf erleidet die 5d8Kreatur Säure-, Kälte-, Feuer-, Blitz- oder Donnerschaden (nach deiner Wahl beim Erstellen der Rune); bei einem erfolgreichen Rettungswurf erleidet sie nur die Hälfte dieses Schadens.<br><br>Zauber-Glyphe. Du kannst einen vorbereiteten Zauber der Stufe 3 oder niedriger in der Glyphe speichern, indem du ihn als Teil der Erstellung der Glyphe wirkst. Der Zauber muss auf eine einzelne Kreatur oder einen Bereich gerichtet sein. Der gespeicherte Zauber entfaltet keine unmittelbare Wirkung, wenn er auf diese Weise gewirkt wird.<br><br>Wenn das Symbol ausgelöst wird, wird der gespeicherte Zauber wirksam. Hat der Zauber ein Ziel, richtet er sich gegen die Kreatur, die das Symbol ausgelöst hat. Wirkt der Zauber auf einen Bereich, wird dieser Bereich um diese Kreatur herum zentriert. Beschwört der Zauber feindliche Kreaturen oder erzeugt er schädliche Objekte oder Fallen, erscheinen diese so nah wie möglich am Eindringling und greifen ihn an. Erfordert der Zauber Konzentration, hält er bis zum Ende seiner vollen Wirkungsdauer an.<br><br><b>Auf höheren Level gewirkt:</b>Der Schaden einer explosiven Rune erhöht sich um1d8 pro Zauberslotstufe über Stufe 3. Wenn du eine Zauberglyphe erschaffst, kannst du jeden Zauber speichern, dessen Stufe der des Zauberslots entspricht, den du für die Glyphe der Abwehr verwendest.";Artificer, Barde, Kleriker, Magier;
3;Los geht's;Level 3 Verwandlungsmagie;1 Aktion;9 m;V, G, M;Konzentration, bis zu 1 min;"(eine Scheibe Süßholzwurzel) Wähle ein williges Wesen, das du in Reichweite sehen kannst. Bis das Zauberwirken endet, verdoppelt sich die Geschwindigkeit des Ziels, es erhält einen Bonus von +2 auf seine Rüstungsklasse, es hat Vorteil bei Geschicklichkeitsrettungswürfen und erhält in jedem seiner Züge eine zusätzliche Aktion. Diese Aktion darf nur für die Aktionen „Angriff"" (nur ein Angriff), „Sprinten"", „Lösen"", „Verstecken"" oder „Nutzen"" verwendet werden.<br><br>Wenn der Zauber endet, ist das Ziel handlungsunfähig und hat bis zum Ende seines nächsten Zuges eine Geschwindigkeit von 0, da eine Welle der Lethargie über es hinwegrollt.";Artificer, Zauberer, Magier;
3;Der Hunger von Hadar;Level 3 Beschwörung;1 Aktion;45 m;V, G, M;Konzentration, bis zu 1 min;"(ein eingelegtes Tentakel) Du öffnest ein Tor zum Fernen Reich, einer Region, die von unaussprechlichen Schrecken heimgesucht wird. Es erscheint eine Sphäre der Dunkelheit mit einem20-foot Radius von A, deren Mittelpunkt an einem Punkt mit einer Reichweite von liegt und die für die Dauer anhält. Die Sphäre gilt als schwieriges Gelände und ist erfüllt von seltsamen Flüstern und schlürfenden Geräuschen, die bis zu30 feet entfernt zu hören sind. Kein Licht, weder magisches noch sonstiges, kann den Bereich erhellen, und Kreaturen, die sich vollständig darin befinden, erhalten den Zustand „Geblendet"".<br><br>Jede Kreatur, die ihren Zug in diesem Bereich beginnt, erleidet2d6 Kälteschaden. Jede Kreatur, die ihren Zug dort beendet, muss einen DEX-Rettungswurf bestehen oder erleidet2d6 Säureschaden durch übernatürliche Tentakel.<br><br><b>Auf höheren Level gewirkt:</b>Der Kälte- oder Säureschaden (nach Wahl) erhöht sich um1d6 pro Zauberslot-Stufe über 3.";Hexenmeister;
3;Hypnotisches Muster;Level 3 Illusionsmagie;1 Aktion;36 m;G, M;Konzentration, bis zu 1 min;"(eine Prise Konfetti) Du erzeugst in einem30-footWürfel innerhalb der Reichweite ein sich windendes Farbmuster. Das Muster erscheint für einen Moment und verschwindet dann wieder. Jede Kreatur in diesem Bereich, die das Muster sehen kann, muss einen WIS-Rettungswurf bestehen, sonst erhält sie für die Dauer den Zustand „Verzaubert"". Solange sie verzaubert ist, hat die Kreatur den Zustand „Handlungsunfähig"" und eine Bewegungsgeschwindigkeit von 0.<br><br>Der Zauber endet für eine betroffene Kreatur, wenn sie Schaden erleidet oder wenn jemand anderes eine Aktion einsetzt, um die Kreatur aus ihrer Benommenheit zu reißen.";Barde, Zauberer, Hexenmeister, Magier;
3;Leomunds kleine Hütte;Level 3 Hervorrufung;1 min oder Ritual;Selbst;V, G, M;8 h;(eine Kristallperle) Eine10-footEmanation entsteht um dich herum und bleibt für die Dauer des Zaubers bestehen. Der Zauber schlägt fehl, wenn du ihn wirkst und die Emanation nicht groß genug ist, um alle Wesen in ihrem Wirkungsbereich vollständig einzuschließen.<br><br>Wesen und Gegenstände, die sich zum Zeitpunkt des Zauberspruchs innerhalb der Emanation befinden, können sich frei durch sie hindurchbewegen. Allen anderen Wesen und Gegenständen ist der Durchgang verwehrt. Zaubersprüche der Stufe 3 oder niedriger können nicht durch sie hindurch gewirkt werden, und die Wirkungen solcher Zaubersprüche reichen nicht in sie hinein.<br><br>Die Atmosphäre im Inneren der Emanation ist angenehm und trocken, unabhängig vom Wetter draußen. Bis der Zauber endet, kannst du bestimmen, dass im Inneren gedämpftes Licht oder Dunkelheit herrscht (keine Aktion erforderlich). Von außen ist die Emanation undurchsichtig und hat eine Farbe deiner Wahl, von innen ist sie jedoch durchsichtig.<br><br>Der Zauber endet vorzeitig, wenn du die Emanation verlässt oder ihn erneut wirkst.;Barde, Magier;
3;Blitzpfeil;Level 3 Verwandlungsmagie;1 Bonus Aktion, die du unmittelbar nach einem Treffer oder einem Fehlschlag mit einem Fernkampfangriff mit einer Waffe ausführst;Selbst;V, G;Unmittelbar;Je nachdem, ob dein Angriff das Ziel trifft oder verfehlt, verwandelt sich die von dir verwendete Waffe oder Munition in einen Blitz. Anstatt Schaden oder andere Auswirkungen des Angriffs zu erleiden, erleidet das Ziel bei einem4d8 Treffer Blitzschaden oder bei einem Fehlschlag die Hälfte dieses Schadens. Jede Kreatur im10 feetUmkreis von um das Ziel führt daraufhin einen Geschicklichkeitsrettungswurf durch und erleidet bei einem 2d8misslungenen Rettungswurf Blitzschaden oder bei einem erfolgreichen Rettungswurf die Hälfte dieses Schadens.<br><br>Die Waffe oder die Munition nimmt dann wieder ihre normale Form an.<br><br><b>Auf höheren Level gewirkt:</b>Der Schaden beider Effekte des Zaubers erhöht sich um1d8 pro Zauberslot-Stufe über 3.;Waldläufer;
3;Blitz;Level 3 Hervorrufung;1 Aktion;Selbst;V, G, M;Unmittelbar;"(ein bisschen Fell und ein Kristallstab) Ein Blitz, der eine 30 m-lange, 1,5 m-breite Linie bildet, schießt von dir aus in eine Richtung deiner Wahl. Jedes Wesen in dieser Linie muss einen DEX-Rettungswurf durchführen; bei einem misslungenen Rettungswurf erleidet es8d6Blitzschaden, bei einem erfolgreichen Rettungswurf nur die Hälfte dieses Schadens.<br><br><b>Auf höheren Level gewirkt:</b>Der Schaden erhöht sich um1d6 pro Zauberslot-Stufe über 3.";Zauberer, Magier;
3;Magischer Kreis;Level 3 Bannmagie;1 min;3 m;V, G, M;1 h;"(Salz und Silberpulver im Wert von über 100 Goldstücken, die der Zauber verbraucht) Du erschaffst einen Zylinder aus magischer Energie10-foot mit einem Radius von - und 20-footeiner Höhe von -, dessen Mittelpunkt ein Punkt auf dem Boden ist, den du innerhalb der Reichweite sehen kannst. Leuchtende Runen erscheinen überall dort, wo der Zylinder den Boden oder eine andere Oberfläche berührt.<br><br>Wähle eine oder mehrere der folgenden Kreaturenarten aus: Himmlische Wesen, Elementare, Feen, Dämonen oder Untote. Der Kreis wirkt sich auf eine Kreatur der gewählten Art wie folgt aus:<br><br>Die Kreatur kann den Zylinder nicht freiwillig auf nichtmagische Weise betreten. Versucht die Kreatur dies mittels Teleportation oder interplanarer Reise, muss sie zunächst einen CHA-Rettungswurf bestehen. Die Kreatur hat Nachteil bei Angriffswürfen gegen Ziele innerhalb des Zylinders. Ziele innerhalb des Zylinders können von der Kreatur nicht besessen werden und erhalten von ihr auch nicht den Zustand „Verzaubert"" oder „Verängstigt"".<br><br>Jedes Mal, wenn du diesen Zauber wirkst, kannst du bewirken, dass seine Magie in umgekehrter Richtung wirkt, wodurch verhindert wird, dass eine Kreatur des angegebenen Typs den Zylinder verlässt, und Ziele außerhalb des Zylinders geschützt werden.<br><br><b>Auf höheren Level gewirkt:</b>Die Dauer verlängert sich um 1 Stunde pro Zauberslot-Stufe über 3.";Kleriker, Paladin, Hexenmeister, Magier;
3;Hauptbild;Level 3 Illusionsmagie;1 Aktion;36 m;V, G, M;Konzentration, bis zu 10 min;(ein Stück Fleece) Du erschaffst das Abbild eines Gegenstands, eines Wesens oder eines anderen sichtbaren Phänomens, das nicht größer ist als ein20-footWürfel. Das Abbild erscheint an einer Stelle, die du innerhalb der Reichweite sehen kannst, und bleibt für die gesamte Dauer bestehen. Es wirkt real, einschließlich Geräuschen, Gerüchen und einer Temperatur, die dem dargestellten Objekt entsprechen, kann jedoch weder Schaden zufügen noch Zustände hervorrufen.<br><br>Befindest du dich innerhalb der Reichweite der Illusion, kannst du eine magische Aktion ausführen, um das Bild an einen beliebigen anderen Ort innerhalb der Reichweite zu bewegen. Während das Bild seinen Standort wechselt, kannst du sein Aussehen so verändern, dass seine Bewegungen für das Bild natürlich wirken. Wenn du beispielsweise das Bild einer Kreatur erschaffst und es bewegst, kannst du das Bild so verändern, dass es den Anschein hat, als würde es gehen. Ebenso kannst du die Illusion dazu bringen, zu unterschiedlichen Zeitpunkten unterschiedliche Geräusche von sich zu geben, oder sie sogar dazu bringen, ein Gespräch zu führen.<br><br>Durch physischen Kontakt mit dem Bild wird deutlich, dass es sich um eine Illusion handelt, da Gegenstände es durchdringen können. Eine Kreatur, die eine Untersuchungsaktion durchführt, um das Bild zu untersuchen, kann durch einen erfolgreichen Intelligenz-Probe (Untersuchung) gegen deinen Zauber-Rettungswurf-DC feststellen, dass es sich um eine Illusion handelt. Erkennt eine Kreatur die Illusion als solche, kann sie durch das Bild hindurchsehen, und dessen sonstige sensorische Eigenschaften werden für sie nur noch schwach wahrnehmbar.<br><br><b>Auf höheren Level gewirkt:</b>Der Zauber hält so lange an, bis er gebannt wird, ohne dass Konzentration erforderlich ist, sofern er mit einem Zauberslot der Stufe 4 oder höher gewirkt wird.;Barde, Zauberer, Hexenmeister, Magier;
3;Wort der Massenheilung;Level 3 Bannmagie;1 Bonus Aktion;18 m;V;Unmittelbar;Bis zu sechs Kreaturen deiner Wahl, die du innerhalb der Reichweite sehen kannst, erhalten Lebenspunkte in Höhe von2d4 plus deinem Modifikator für die Zauberkunst zurück.<br><br><b>Auf höheren Level gewirkt:</b>Die Heilung erhöht sich um1d4 pro Zauberslot-Stufe über 3.;Barde, Kleriker;
3;Zu Stein werden;Level 3 Verwandlungsmagie;1 Aktion or Ritual;Berührung;V, G;8 h;"Du trittst in ein steinernes Objekt oder eine steinerne Fläche ein, die groß genug ist, deinen Körper vollständig aufzunehmen, und verschmilzt für die Dauer des Zaubers mit dem Stein und deiner Ausrüstung. Dazu musst du den Stein berühren. Nichts von deiner Anwesenheit bleibt sichtbar oder ist auf andere Weise mit nichtmagischen Sinnen wahrnehmbar.<br><br>Solange du mit dem Stein verschmolzen bist, kannst du nicht sehen, was außerhalb des Steins geschieht, und alle Weisheits- (Wahrnehmungs-)Proben, die du durchführst, um Geräusche von außerhalb wahrzunehmen, werden mit Nachteil gewertet. Du behältst das Zeitgefühl bei und kannst Zauber auf dich selbst wirken, während du mit dem Stein verschmolzen bist. Du kannst eine Bewegung nutzen5 feet, um den Stein an der Stelle zu verlassen, an der du ihn betreten hast; dadurch endet der Zauber. Ansonsten kannst du dich nicht bewegen.<br><br>Leichte physische Beschädigungen des Steins schaden dir nicht, doch seine teilweise Zerstörung oder eine Veränderung seiner Form (soweit du nicht mehr hineinpasst) wirft dich hinaus und fügt dir6d6 Kraftschaden zu. Die vollständige Zerstörung des Steins (oder seine Umwandlung in eine andere Substanz) vertreibt dich und fügt dir 50 Kraftschaden zu. Wenn du vertrieben wirst, bewegst du dich auf das unbesetzte Feld, das deinem ursprünglichen Einstiegspunkt am nächsten liegt, und erhältst den Zustand „Liegend"".";Kleriker, Druide, Waldläufer;
3;Nichtnachweis;Level 3 Bannmagie;1 Aktion;Berührung;V, G, M;8 h;(eine Prise Diamantstaub im Wert von mindestens 25 Goldstücken, die der Zauber verbraucht) Für die Dauer des Zaubers verbirgst du ein Ziel, das du berührst, vor Wahrsagezaubern. Das Ziel kann eine willige Kreatur sein oder ein Ort bzw. ein Gegenstand, der in keiner 10 feetDimension größer ist als [...]. Das Ziel kann nicht von Wahrsagezaubern erfasst oder durch magische Spähgeräte wahrgenommen werden.;Barde, Waldläufer, Magier;
3;Phantom-Ross;Level 3 Illusionsmagie;1 min oder Ritual;9 m;V, G;1 h;Ein großes, fast echt wirkendes, pferdeähnliches Wesen erscheint auf dem Boden an einem freien Ort deiner Wahl innerhalb der Reichweite. Du bestimmst das Aussehen des Wesens, und es ist mit einem Sattel, einem Gebiss und einem Zaumzeug ausgestattet. Jede durch den Zauber erzeugte Ausrüstung löst sich in einer Rauchwolke auf, wenn sie mehr als10 feet Meter vom Reittier entfernt getragen wird.<br><br>Für die Dauer des Zaubers kannst du oder eine Kreatur deiner Wahl auf dem Ross reiten. Das Ross entspricht dem Datenblock für Reitpferde (siehe Anhang B), hat jedoch eine Geschwindigkeit von100 feet und legt13 miles pro Stunde zurück. Wenn der Zauber endet, löst sich das Ross allmählich auf, wobei der Reiter 1 min Zeit hat, abzusteigen. Der Zauber endet vorzeitig, wenn das Ross Schaden erleidet.;Magier;
3;Pflanzenwachstum;Level 3 Verwandlungsmagie;1 Aktion (Überwucherung) oder 8 Stunden (Anreicherung);45 m;V, G;Unmittelbar;"Dieser Zauber leitet Lebenskraft in Pflanzen. Die von dir gewählte Wirkzeit bestimmt, ob der Zauber den unten beschriebenen Effekt „Überwucherung"" oder „Anreicherung"" hat.<br><br>„Überwucherung"". Wähle einen Punkt innerhalb der Reichweite. Alle normalen Pflanzen in einer Kugel mit dem100-foot Radius S, deren Mittelpunkt dieser Punkt ist, werden dicht und überwuchert. Eine Kreatur, die sich durch diesen Bereich bewegt, muss für jeden1 footSchritt, den sie zurücklegt, 4 feetBewegungspunkte aufwenden. Du kannst einen oder mehrere Bereiche beliebiger Größe innerhalb des Wirkungsbereichs des Zaubers von der Wirkung ausnehmen.<br><br>Anreicherung. Alle Pflanzen in einem Umkreis von einer halben Meile um einen Punkt innerhalb der Reichweite werden für 365 Tage angereichert. Die Pflanzen liefern bei der Ernte die doppelte Menge an Nahrung. Sie können pro Jahr nur von einem einzigen Pflanzenwachstum profitieren.";Barde, Druide, Waldläufer;
3;Schutz vor Energie;Level 3 Bannmagie;1 Aktion;Berührung;V, G;Konzentration, bis zu 1 h;Für die Dauer dieser Wirkung erhält das willige Wesen, das du berührst, Widerstand gegen eine Schadensart deiner Wahl: Säure, Kälte, Feuer, Blitz oder Donner.;Artificer, Kleriker, Druide, Waldläufer, Zauberer, Magier;
3;Fluch aufheben;Level 3 Bannmagie;1 Aktion;Berührung;V, G;Unmittelbar;Durch deine Berührung werden alle Flüche aufgehoben, die auf eine Kreatur oder einen Gegenstand wirken. Handelt es sich bei dem Gegenstand um einen verfluchten magischen Gegenstand, bleibt dessen Fluch bestehen, doch der Zauber bricht die Einstimmung seines Besitzers auf den Gegenstand, sodass dieser entfernt oder weggeworfen werden kann.;Kleriker, Paladin, Hexenmeister, Magier;
3;Wiederbeleben;Level 3 Nekromantie;1 Aktion;Berührung;V, G, M;Unmittelbar;(ein Diamant im Wert von über 300 Goldstücken, den der Zauber verbraucht) Du berührst eine Kreatur, die innerhalb der letzten Minute gestorben ist. Diese Kreatur erwacht mit 1 Trefferpunkt wieder zum Leben. Dieser Zauber kann keine Kreatur wiederbeleben, die an Altersschwäche gestorben ist, und er stellt auch keine fehlenden Körperteile wieder her.;Artificer, Kleriker, Druide, Paladin, Waldläufer;
3;Senden;Level 3 Erkenntnismagie;1 Aktion;Unbegrenzt;V, G, M;Unmittelbar;(ein Kupferdraht) Du sendest eine kurze Nachricht von höchstens 25 Wörtern an eine Kreatur, die du kennengelernt hast, oder an eine Kreatur, die dir von jemandem beschrieben wurde, der sie kennengelernt hat. Das Ziel hört die Nachricht in seinem Kopf, erkennt dich als Absender, falls es dich kennt, und kann Unmittelbar auf dieselbe Weise antworten. Der Zauber ermöglicht es den Zielen, den Inhalt deiner Nachricht zu verstehen.<br><br>Du kannst die Nachricht über jede Entfernung hinweg und sogar in andere Existenzebenen senden, aber wenn sich das Ziel auf einer anderen Ebene befindet als du, besteht eine Wahrscheinlichkeit von 5 Prozent, dass die Nachricht nicht ankommt. Du erfährst, wenn die Zustellung fehlschlägt.<br><br>Sobald eine Kreatur deine Nachricht erhält, kann sie 8 Stunden lang verhindern, dass du sie mit diesem Zauber erneut erreichst. Versuchst du während dieser Zeit, eine weitere Nachricht zu senden, erfährst du, dass du blockiert bist, und der Zauber schlägt fehl.;Barde, Kleriker, Magier;
3;Graupelsturm;Level 3 Beschwörung;1 Aktion;45 m;V, G, M;Konzentration, bis zu 1 min;"(ein Miniaturregenschirm) Bis zum Ende des Zaubers fällt Graupel in einem Zylinder mit 40-footder Höhe von [H] und20-foot dem Radius von [R], dessen Mittelpunkt ein von dir gewählter Punkt innerhalb der Reichweite ist. Der Bereich ist stark verdeckt, und offene Flammen in diesem Bereich werden gelöscht.<br><br>Der Boden im Zylinder ist unwegsames Gelände. Wenn eine Kreatur in einem Zug zum ersten Mal den Zylinder betritt oder ihren Zug dort beginnt, muss sie einen DEX-Rettungswurf bestehen; andernfalls erhält sie den Zustand „am Boden liegend"" und verliert ihre Konzentration.";Druide, Zauberer, Magier;
3;Langsam;Level 3 Verwandlungsmagie;1 Aktion;36 m;V, G, M;Konzentration, bis zu 1 min;(ein Tropfen Melasse) Du veränderst die Zeit für bis zu sechs Kreaturen deiner Wahl in einem40-footWürfel innerhalb der Reichweite. Jedes Ziel muss einen WIS-Rettungswurf bestehen, sonst wirkt dieser Zauber für die gesamte Dauer auf es.<br><br>Die Geschwindigkeit eines betroffenen Ziels wird halbiert, es erhält einen Malus von -2 auf seine RK und seine Geschicklichkeits-Rettungswürfe und kann keine Reaktionen ausführen. In seinen Runden kann es entweder eine Aktion oder eine Bonus Aktion ausführen, nicht beides, und es kann nur einen Angriff ausführen, wenn es die Angriffsaktion wählt. Wenn es einen Zauber mit einer somatischen Komponente wirkt, besteht eine 25-prozentige Chance, dass der Zauber fehlschlägt, da das Ziel die Zaubergesten zu langsam ausführt.<br><br>Ein betroffenes Ziel wiederholt den Rettungswurf am Ende jedes seiner Züge und beendet den Zauber auf sich selbst, wenn der Wurf gelingt.;Barde, Zauberer, Magier;
3;Mit den Toten sprechen;Level 3 Nekromantie;1 Aktion;3 m;V, G, M;10 min;(Weihrauch verbrennen) Du verliehst einer Leiche deiner Wahl innerhalb der Reichweite den Anschein von Leben, sodass sie deine Fragen beantworten kann. Die Leiche muss einen Mund haben, und der Zauber schlägt fehl, wenn die verstorbene Kreatur zum Zeitpunkt ihres Todes Untoter war. Der Zauber schlägt ebenfalls fehl, wenn die Leiche in den letzten 10 Tagen bereits Ziel dieses Zaubers war.<br><br>Bis zum Ende des Zaubers kannst du der Leiche bis zu fünf Fragen stellen. Die Leiche weiß nur das, was sie zu Lebzeiten wusste, einschließlich der Sprachen, die sie beherrschte. Die Antworten sind meist kurz, kryptisch oder repetitiv, und die Leiche ist nicht verpflichtet, eine wahrheitsgemäße Antwort zu geben, wenn du ihr feindlich gesinnt bist oder sie dich als Feind erkennt. Dieser Zauber bringt nicht die Seele der Kreatur in ihren Körper zurück, sondern nur ihren belebenden Geist. Daher kann die Leiche keine neuen Informationen aufnehmen, versteht nichts von dem, was seit ihrem Tod geschehen ist, und kann keine Vermutungen über zukünftige Ereignisse anstellen.;Barde, Kleriker, Magier;
3;Mit Pflanzen sprechen;Level 3 Verwandlungsmagie;1 Aktion;Selbst;V, G;10 min;Du verleihst Pflanzen in einer unbeweglichen30-footEmanation ein gewisses Maß an Empfindungsfähigkeit und Lebendigkeit, wodurch sie mit dir kommunizieren und deinen einfachen Befehlen folgen können. Du kannst Pflanzen zu Ereignissen befragen, die sich im Wirkungsbereich des Zaubers im Laufe des vergangenen Tages zugetragen haben, und so Informationen über vorbeikommende Wesen, das Wetter und andere Umstände erhalten.<br><br>Du kannst außerdem durch Pflanzenbewuchs (wie Dickicht und Unterholz) verursachtes schwieriges Gelände für die Dauer des Zaubers in normales Gelände verwandeln. Oder du kannst normales Gelände, auf dem Pflanzen wachsen, für die Dauer des Zaubers in schwieriges Gelände verwandeln.<br><br>Der Zauber ermöglicht es den Pflanzen zwar nicht, sich selbst zu entwurzeln und sich fortzubewegen, aber sie können ihre Äste, Ranken und Stängel für dich bewegen.<br><br>Befindet sich eine Pflanzenkreatur in der Nähe, kannst du mit ihr kommunizieren, als ob ihr eine gemeinsame Sprache hättet.;Barde, Druide, Waldläufer;
3;Geistwächter;Level 3 Beschwörung;1 Aktion;Selbst;V, G, M;Konzentration, bis zu 10 min;(eine Gebetsrolle) Schutzgeister umschwirren dich während der gesamten Wirkungsdauer in einer15-footEmanation. Wenn du gut oder neutral bist, erscheinen sie in ihrer geisterhaften Gestalt engelhaft oder feenhaft (nach deiner Wahl). Wenn du böse bist, erscheinen sie teuflisch.<br><br>Wenn du diesen Zauber wirkst, kannst du Kreaturen bestimmen, die davon unberührt bleiben. Die Geschwindigkeit aller anderen Kreaturen wird innerhalb der Ausstrahlung halbiert, und immer wenn die Ausstrahlung das Feld einer Kreatur betritt und immer wenn eine Kreatur die Ausstrahlung betritt oder dort ihren Zug beendet, muss die Kreatur einen WIS-Rettungswurf durchführen. Bei einem misslungenen Rettungswurf erleidet die 3d8Kreatur Strahlungsschaden (wenn du gut oder neutral bist) oder3d8Nekrotischen Schaden (wenn du böse bist). Bei einem erfolgreichen Rettungswurf erleidet die Kreatur nur die Hälfte des Schadens. Eine Kreatur darf diesen Rettungswurf nur einmal pro Zug ausführen.<br><br><b>Auf höheren Level gewirkt:</b>Der Schaden erhöht sich um1d8 pro Zauberslot-Stufe über 3.;Kleriker;
3;Stinkende Wolke;Level 3 Beschwörung;1 Aktion;27 m;V, G, M;Konzentration, bis zu 1 min;"(ein faules Ei) Du erschaffst eine Kugel aus gelbem, übelriechendem20-foot Gas mit einem Radius von [Radius], deren Mittelpunkt an einem Punkt innerhalb der Reichweite liegt. Die Wolke bietet starke Sichtbehinderung. Die Wolke verweilt so lange in der Luft, wie der Zauber wirkt, oder bis ein starker Wind (wie beispielsweise der durch „Windstoß"" erzeugte) sie zerstreut.<br><br>Jede Kreatur, die ihren Zug in der Sphäre beginnt, muss einen Konstitutionsrettungswurf bestehen, andernfalls leidet sie bis zum Ende des aktuellen Zuges unter dem Zustand „Vergiftet"". Solange sie auf diese Weise vergiftet ist, kann die Kreatur keine Aktion und keine Bonus Aktion ausführen.";Barde, Zauberer, Magier;
3;Feen beschwören;Level 3 Beschwörung;1 Aktion;27 m;V, G, M;Konzentration, bis zu 1 h;"(eine vergoldete Blume im Wert von 300+ GP) Du beschwörst einen Feengeist. Er manifestiert sich an einer freien Stelle, die du innerhalb der Reichweite sehen kannst, und verwendet den Statusblock „Feengeist"". Wenn du den Zauber wirkst, wähle eine Stimmung: wütend, fröhlich oder schelmisch. Die Kreatur ähnelt einer Feenkreatur deiner Wahl, die durch die gewählte Stimmung geprägt ist, welche bestimmte Details in ihrem Statusblock bestimmt. Die Kreatur verschwindet, wenn ihre TP auf 0 sinken oder wenn der Zauber endet.<br><br>Die Kreatur ist ein Verbündeter von dir und deinen Verbündeten. Im Kampf teilt sich die Kreatur deine Initiative, ist jedoch unmittelbar nach dir an der Reihe. Sie befolgt deine verbalen Befehle (ohne dass du dafür eine Aktion aufwenden musst). Wenn du keine Befehle erteilst, führt sie die Aktion „Ausweichen"" aus und nutzt ihre Bewegung, um Gefahren auszuweichen.<br><br><b>Auf höheren Level gewirkt:</b>Verwende die Stufe des Zauberslots als Stufe des Zaubers im Charakterblatt.<br><br>Feengeist - Kleine Fee, neutral Rüstungsklasse: 12 + Zauberstufe TP: 30 + 10 pro Zauberstufe über 3 Geschwindigkeit: 9 m., Fliegen 9 m. STÄ (Mod / Rett) GES (Mod / Rett) KON (Mod / Rett) INT (Mod / Rett) WEIS (Mod / Rett) CHA (Mod / Rett) 13 (+1 / +1) 16 (+3 / +3) 14 (+2 / +2) 14 (+2 / +2) 11 (+0 / +0) 16 (+3 / +3) Immunitäten: Verzaubert Sinne: Dunkelvision 18 m., Passive Wahrnehmung 10 Sprachen: Sylvanisch, versteht die Sprachen, die du kennst Herausforderungsgrad: Keiner (XP 0; PB entspricht deinem Fertigkeitsbonus) Aktionen Mehrfachangriff. Der Geist führt eine Anzahl an Fey-Blade-Angriffen durch, die der Hälfte der Stufe dieses Zaubers entspricht (abgerundet). Fey-Blade. Nahkampfangriffswurf: Der Bonus entspricht deinem Zauberangriffsmodifikator, Reichweite 1,5 m. Treffer:2W6 + 3 + die Stufe des Zaubers Kraftschaden. Bonusaktionen Feenschritt. Der Geist teleportiert sich magisch bis zu30 feet zu einem unbesetzten Feld, das er sehen kann. Dann tritt einer der folgenden Effekte ein, je nach der gewählten Stimmung des Geistes: Wütend. Der Geist erhält Vorteil auf seinen nächsten Angriffswurf, den er vor Ende dieses Zuges ausführt. Fröhlich. WIS-Rettungswurf: SG entspricht deinem Zauber-Rettungs-DC, eine Kreatur, die der Geist innerhalb10 feetvon um sich herum sehen kann. Fehlschlag: Das Ziel wird von dir und dem Geist für 1 min oder bis das Ziel Schaden erleidet, bezaubert. Listig. Der Geist füllt einen10-foot Würfel innerhalb5 feetvon um sich herum mit magischer Dunkelheit, die bis zum Ende seines nächsten Zuges anhält.";Druide, Waldläufer, Hexenmeister, Magier;
3;Untote beschwören;Level 3 Nekromantie;1 Aktion;27 m;V, G, M;Konzentration, bis zu 1 h;"(ein vergoldeter Schädel im Wert von 300+ GP) Du beschwörst einen untoten Geist. Er manifestiert sich an einem freien Ort, den du innerhalb der Reichweite sehen kannst, und verwendet den Charakterbogen „Untoter Geist"". Wenn du den Zauber wirkst, wähle die Gestalt der Kreatur: geisterhaft, verfault oder skelettartig. Der Geist ähnelt einer untoten Kreatur mit der gewählten Gestalt, die bestimmte Details in seinem Charakterbogen bestimmt. Die Kreatur verschwindet, wenn ihre TP auf 0 sinken oder wenn der Zauber endet.<br><br>Die Kreatur ist ein Verbündeter von dir und deinen Verbündeten. Im Kampf teilt sich die Kreatur deine Initiative, ist jedoch unmittelbar nach dir an der Reihe. Sie befolgt deine verbalen Befehle (ohne dass du dafür eine Aktion aufwenden musst). Wenn du keine Befehle erteilst, führt sie die Aktion „Ausweichen"" aus und nutzt ihre Bewegung, um Gefahren auszuweichen.<br><br><b>Auf höheren Level gewirkt:</b>Verwende die Stufe des Zauberslots als Stufe des Zaubers im Charakterblatt.<br><br>Untoter Geist Medium: Untote, Neutral Rüstungsklasse: 11 + Zauberstufe TP: 30 (nur „Geistlich"" und „Verfault"") oder 20 (nur „Skelett"") + 10 für jede Zauberstufe über 3 Geschwindigkeit: 9 m.; Fliegen 12 m. (Schweben; nur „Geistlich"") STÄ (Mod / Rett) GES (Mod / Rett) KON (Mod / Rett) INT (Mod / Rett) WEIS (Mod / Rett) CHA (Mod / Rett) 12 (+1 / +1) 16 (+3 / +3) 15 (+2 / +2) 4 (-3 / -3) 10 (+0 / +0) 9 (-1 / -1) Immunitäten: Nekrotisch, Gift; Erschöpfung, Verängstigt, Gelähmt, Vergiftet Sinne: Dunkelvision60 ft, Passive Wahrnehmung 10 Sprachen: Versteht die Sprachen, die du kennst Herausforderungsgrad: Keiner (XP 0; PB entspricht deinem Fertigkeitsbonus) Eigenschaften Eiternde Aura (nur faulig). Konstitutionsrettungswurf: SG entspricht deiner Zauberrettungs-SG; jede Kreatur (außer dir), die ihren Zug innerhalb einer vom Geist 5-footausgehenden Ausstrahlung beginnt. Fehlschlag: Die Kreatur hat den Zustand „Vergiftet"" bis zum Beginn ihres nächsten Zuges. Körperloser Durchgang (nur für Geister). Der Geist kann sich durch andere Kreaturen und Objekte bewegen, als wären sie schwieriges Gelände. Beendet er seinen Zug innerhalb eines Objekts, wird er auf den nächsten unbesetzten Platz verschoben und erleidet1d10 Kraftschaden für jeden5 feet zurückgelegten. Aktionen Mehrfachangriff. Der Geist führt eine Anzahl von Angriffen durch, die der Hälfte der Stufe dieses Zaubers entspricht (abgerundet). Tödliche Berührung (nur für Geister). Nahkampfangriffswurf: Der Bonus entspricht deinem Zauberangriffsmodifikator, Reichweite 1,5 m. Treffer:1W8 + 3 + die Stufe des Zaubers Nekrotischer Schaden, und das Ziel hat den Zustand „Verängstigt"" bis zum Ende seines nächsten Zuges. Grabblitz (nur Skelette). Fernkampfangriffswurf: Der Bonus entspricht deinem Zauberangriffsmodifikator, Reichweite 45 m. Treffer:2W4 + 3 + die Stufe des Zaubers Nekrotischer Schaden. Verfaulende Klaue (nur Fäulnis). Nahkampfangriffswurf: Der Bonus entspricht deinem Zauberangriffsmodifikator, Reichweite 1,5 m. Treffer:1W6 + 3 + die Stufe des Zaubers an Schnittschaden. Wenn das Ziel den Zustand „Vergiftet"" hat, hat es bis zum Ende seines nächsten Zuges den Zustand „Gelähmt"".";Hexenmeister, Magier;
3;Sylunes Viper;Level 3 Beschwörung;1 Bonus Aktion;Selbst;V, G, M;1 h;"(ein Schlangenzahn) Eine schimmernde, geisterhafte Schlange umschlingt deinen Körper für die Dauer des Zaubers. Du erhältst 15 temporäre TP; der Zauber endet vorzeitig, wenn du keine temporären TP mehr hast.<br><br>Solange der Zauber wirkt, erhältst du folgende Vorteile:<br><br>Klettern. Du erhältst eine Klettergeschwindigkeit, die deiner Bewegungsgeschwindigkeit entspricht.<br><br>Giftiger Biss. Als magische Aktion kannst du mit der Schlange einen Fernkampf-Zauberangriff gegen eine Kreatur in einem Umkreis 50 feetvon ausführen. Bei einem Treffer erleidet das Ziel1d6 Kraftschaden und erhält den Zustand „Vergiftet"", der bis zum Beginn deines nächsten Zuges anhält. Solange das Ziel „Vergiftet"" ist, hat es den Zustand „Handlungsunfähig"".<br><br><b>Auf höheren Level gewirkt:</b>Für jede Zauberstufe über 3 erhöht sich die Anzahl der temporären TP, die du durch diesen Zauber erhältst, um 5, und der Schaden von „Giftbiss"" erhöht sich um 1W6.";Druide, Magier;
3;Zungen;Level 3 Erkenntnismagie;1 Aktion;Berührung;V, M;1 h;(eine Miniatur-Zikkurat) Dieser Zauber verleiht der Kreatur, die du berührst, die Fähigkeit, jede gesprochene oder in Gebärdensprache geäußerte Sprache zu verstehen, die sie hört oder sieht. Wenn das Ziel zudem durch Sprechen oder Gebärdensprache kommuniziert, kann jede Kreatur, die mindestens eine Sprache beherrscht, diese verstehen, sofern sie die Sprache hören oder die Gebärden sehen kann.;Barde, Kleriker, Zauberer, Hexenmeister, Magier;
3;Vampirische Berührung;Level 3 Nekromantie;1 Aktion;Selbst;V, G;Konzentration, bis zu 1 min;Die Berührung deiner von Schatten umhüllten Hand kann anderen Lebenskraft entziehen, um deine Wunden zu heilen. Führe einen Nahkampf-Zauberangriff gegen eine Kreatur in Reichweite aus. Bei einem Treffer erleidet das Ziel3d6 nekrotischen Schaden, und du erhältst Lebenspunkte in Höhe der Hälfte des verursachten nekrotischen Schadens zurück.<br><br>Bis der Zauber endet, kannst du den Angriff in jedem deiner Züge als magische Aktion wiederholen und dabei dieselbe oder eine andere Kreatur als Ziel wählen.<br><br><b>Auf höheren Level gewirkt:</b>Der Schaden erhöht sich um1d6 pro Zauberslot-Stufe über 3.;Zauberer, Hexenmeister, Magier;
3;Unter Wasser atmen;Level 3 Verwandlungsmagie;1 Aktion or Ritual;9 m;V, G, M;24 h;(ein kurzes Schilfrohr) Dieser Zauber gewährt bis zu zehn willigen Kreaturen deiner Wahl innerhalb der Reichweite die Fähigkeit, unter Wasser zu atmen, bis der Zauber endet. Die betroffenen Kreaturen behalten zudem ihre normale Art der Atmung bei.;Artificer, Druide, Waldläufer, Zauberer, Magier;
3;Wasserwanderung;Level 3 Verwandlungsmagie;1 Aktion or Ritual;9 m;V, G, M;1 h;"(ein Stück Kork) Dieser Zauber gewährt die Fähigkeit, sich über jede flüssige Oberfläche - wie Wasser, Säure, Schlamm, Schnee, Treibsand oder Lava - zu bewegen, als wäre sie harmloser fester Boden (Wesen, die geschmolzene Lava überqueren, können dennoch durch die Hitze Schaden nehmen). Bis zu zehn willige Wesen deiner Wahl innerhalb der Reichweite erhalten diese Fähigkeit für die Dauer des Zaubers.<br><br>Ein betroffenes Ziel muss eine Bonus Aktion ausführen, um von der Oberfläche der Flüssigkeit in die Flüssigkeit selbst zu gelangen und umgekehrt; fällt das Ziel jedoch in die Flüssigkeit, dringt es durch die Oberfläche hindurch in die darunter liegende Flüssigkeit ein.";Artificer, Kleriker, Druide, Waldläufer, Zauberer;
3;Windwand;Level 3 Hervorrufung;1 Aktion;36 m;V, G, M;Konzentration, bis zu 1 min;"(ein Fächer und eine Feder) An einer Stelle deiner Wahl innerhalb der Reichweite erhebt sich eine Wand aus starkem Wind vom Boden. Du kannst die Wand bis zu50 feet lang,4,5 m hoch und1 foot dick gestalten. Du kannst die Wand beliebig formen, solange sie einen durchgehenden Verlauf über den Boden nimmt. Die Wand hält für die gesamte Dauer an.<br><br>Wenn die Wand erscheint, muss jedes Wesen in ihrem Wirkungsbereich einen STR-Rettungswurf durchführen; bei einem misslungenen Rettungswurf erleidet es4d8Schlagschaden, bei einem erfolgreichen Rettungswurf nur die Hälfte dieses Schadens.<br><br>Der starke Wind hält Nebel, Rauch und andere Gase fern. Kleine oder noch kleinere fliegende Wesen oder Gegenstände können die Wand nicht durchdringen. Lose, leichte Materialien, die in die Wand gelangen, werden nach oben geschleudert. Pfeile, Bolzen und andere gewöhnliche Wurfgeschosse, die auf Ziele hinter der Wand abgefeuert werden, werden nach oben abgelenkt und verfehlen ihr Ziel automatisch. Von Riesen oder Belagerungsmaschinen geschleuderte Felsbrocken und ähnliche Wurfgeschosse bleiben davon unberührt. Wesen in gasförmiger Gestalt können die Wand nicht durchdringen.";Druide, Waldläufer;
4;Arkanes Auge;Level 4 Erkenntnismagie;1 Aktion;9 m;V, G, M;Konzentration, bis zu 1 h;(ein bisschen Fledermausfell) Du erschaffst ein unsichtbares, unverwundbares Auge innerhalb der Reichweite, das für die Dauer der Wirkung in der Luft schwebt. Du empfängst mental visuelle Informationen von diesem Auge, das in alle Richtungen sehen kann. Es verfügt außerdem über Dunkelheitssicht mit einer Reichweite von 9 m.<br><br>Als Bonus Aktion kannst du das Auge um bis zu30 feet in jede beliebige Richtung bewegen. Ein festes Hindernis blockiert die Bewegung des Auges, doch das Auge kann durch eine Öffnung mit1 incheinem Durchmesser von nur hindurchschlüpfen.;Artificer, Magier;
4;Aura des Lebens;Level 4 Bannmagie;1 Aktion;Selbst;V;Konzentration, bis zu 10 min;Für die Dauer des30-footZaubers strahlt eine Aura von dir aus. Solange ihr euch in dieser Aura befindet, seid ihr und eure Verbündeten widerstandsfähig gegen nekrotischen Schaden, und eure maximale Lebenspunktezahl kann nicht verringert werden. Beginnt ein Verbündeter mit 0 Lebenspunkten seinen Zug in der Aura, erhält dieser Verbündete 1 Lebenspunkt zurück.;Kleriker, Paladin;
4;Aura der Reinheit;Level 4 Bannmagie;1 Aktion;Selbst;V;Konzentration, bis zu 10 min;"Für die Dauer des30-footZaubers strahlt eine Aura von dir aus. Solange ihr euch in dieser Aura befindet, erhaltet du und deine Verbündeten Widerstand gegen Giftschaden sowie einen Vorteil bei Rettungswürfen, um Zustände wie „Blind"", „Verzaubert"", „Taub"", „Verängstigt"", „Gelähmt"", „Vergiftet"" oder „Betäubt"" zu vermeiden oder zu beenden.";Kleriker, Paladin;
4;Verbannung;Level 4 Bannmagie;1 Aktion;9 m;V, G, M;Konzentration, bis zu 1 min;"(ein Pentagramm) Ein Wesen, das sich in Reichweite befindet, muss einen CHA-Rettungswurf bestehen oder wird für die Dauer des Zaubers auf eine harmlose Halbebene versetzt. Dort befindet sich das Ziel im Zustand „Handlungsunfähig"". Wenn der Zauber endet, erscheint das Ziel wieder an der Stelle, die es verlassen hat, oder, falls diese Stelle besetzt ist, an der nächstgelegenen freien Stelle.<br><br>Ist das Ziel eine Aberration, ein Himmlisches Wesen, ein Elementar, ein Feenwesen oder ein Unhold, kehrt es nicht zurück, wenn der Zauber 1 min lang wirkt. Stattdessen wird das Ziel an einen zufälligen Ort auf einer Ebene (nach Wahl des Spielleiters) versetzt, die mit seinem Kreaturentyp in Verbindung steht.<br><br><b>Auf höheren Level gewirkt:</b>Du kannst für jede Stufe des Zauberslots über 4 eine weitere Kreatur als Ziel wählen.";Kleriker, Paladin, Zauberer, Hexenmeister, Magier;
4;Fäule;Level 4 Nekromantie;1 Aktion;9 m;V, G;Unmittelbar;"Ein Wesen, das sich in Reichweite befindet, muss einen Konstitutionsrettungswurf durchführen; bei einem misslungenen Rettungswurf erleidet es8d8nekrotischen Schaden, bei einem erfolgreichen Rettungswurf nur die Hälfte dieses Schadens. Ein pflanzliches Wesen scheitert automatisch bei diesem Rettungswurf.<br><br>Alternativ kannst du eine nichtmagische Pflanze wählen, die keine Kreatur ist, wie zum Beispiel einen Baum oder einen Strauch. Sie führt keinen Rettungswurf durch; sie verdorrt einfach und stirbt.<br><br><b>Auf höheren Level gewirkt:</b>Der Schaden erhöht sich um1d8 pro Zauberslot-Stufe über 4.";Druide, Zauberer, Hexenmeister, Magier;
4;Charm Monster;Level 4 Verzauberung;1 Aktion;9 m;V, G;1 h;"Eine Kreatur, die du in Reichweite siehst, führt einen WIS-Rettungswurf durch. Sie erhält dabei Vorteil, wenn du oder deine Verbündeten gegen sie kämpfen. Bei einem misslungenen Rettungswurf befindet sich das Ziel im Zustand „Verzaubert"", bis der Zauber endet oder bis du oder deine Verbündeten ihr Schaden zufügen. Die verzauberte Kreatur verhält sich dir gegenüber freundlich. Wenn der Zauber endet, weiß das Ziel, dass es von dir verzaubert wurde.<br><br><b>Auf höheren Level gewirkt:</b>Du kannst für jede Stufe des Zauberslots über 4 eine weitere Kreatur als Ziel wählen.";Barde, Druide, Zauberer, Hexenmeister, Magier;
4;Zwang;Level 4 Verzauberung;1 Aktion;9 m;V, G;Konzentration, bis zu 1 min;"Jedes Wesen deiner Wahl, das du in Reichweite sehen kannst, muss einen WIS-Rettungswurf bestehen, sonst befindet es sich bis zum Ende des Zaubers unter dem Zustand „Verzaubert"".<br><br>Während der Wirkungsdauer kannst du eine Bonus Aktion ausführen, um eine Richtung festzulegen, die horizontal zu dir verläuft. Jedes verzauberte Ziel muss in seinem nächsten Zug so viel von seiner Bewegung wie möglich darauf verwenden, sich in diese Richtung zu bewegen, wobei es den sichersten Weg wählen muss. Nachdem es sich auf diese Weise bewegt hat, wiederholt das Ziel den Rettungswurf und beendet den Zauber auf sich selbst, falls der Wurf gelingt.";Barde;
4;Verwirrung;Level 4 Verzauberung;1 Aktion;27 m;V, G, M;Konzentration, bis zu 1 min;"(drei Nussschalen) Jedes Wesen in einer Kugel mit dem10-foot Radius S, deren Mittelpunkt ein von dir gewählter Punkt innerhalb der Reichweite ist, muss einen WIS-Rettungswurf bestehen; andernfalls kann dieses Ziel keine Bonusaktionen oder Reaktionen ausführen und muss zu Beginn jedes seiner1d10 Züge würfeln, um sein Verhalten für diesen Zug anhand der untenstehenden Tabelle zu bestimmen.<br><br>1W10 Verhalten in Runde 1 Das Ziel führt keine Aktion aus und nutzt seine gesamte Bewegung zum Fortbewegen. Würfle1d4 für die Richtung: 1 = Norden; 2 = Osten; 3 = Süden; oder 4 = Westen. 2-6 Das Ziel bewegt sich nicht und führt keine Aktionen aus. 7-8 Das Ziel bewegt sich nicht und führt die Aktion „Angriff"" aus, um einen Nahkampfangriff gegen eine zufällige Kreatur in Reichweite auszuführen. Befindet sich keine in Reichweite, führt das Ziel keine Aktion aus. 9-10 Das Ziel wählt sein Verhalten.<br><br>Am Ende jedes seiner Züge wiederholt das betroffene Ziel den Rettungswurf; bei Erfolg wird der Zauber auf sich selbst aufgehoben.<br><br><b>Auf höheren Level gewirkt:</b>Der Radius der Sphäre erhöht sich um5 feet für jede Zauberslot-Stufe über 4.";Barde, Druide, Zauberer, Magier;
4;Kleine Elementare beschwören;Level 4 Beschwörung;1 Aktion;Selbst;V, G;Konzentration, bis zu 10 min;Du beschwörst Geister aus den Elementarebenen, die für die Dauer des Zaubers in einer15-footAusstrahlung um dich herumschwirren. Bis der Zauber endet, verursacht jeder Angriff von dir zusätzlichen2d8Schaden, wenn du eine Kreatur in der Ausstrahlung triffst. Dieser Schaden ist Säure-, Kälte-, Feuer- oder Blitzschaden (du wählst die Art beim Ausführen des Angriffs).<br><br>Außerdem gilt der Boden in der Emanation für deine Gegner als schwieriges Gelände.<br><br><b>Auf höheren Level gewirkt:</b>Der Schaden erhöht sich um1d8 pro Zauberslot-Stufe über 4.;Druide, Magier;
4;Waldwesen beschwören;Level 4 Beschwörung;1 Aktion;Selbst;V, G;Konzentration, bis zu 10 min;"Du beschwörst Naturgeister, die für die Dauer des Zaubers in einer10-footAusstrahlung um dich herumfliegen. Immer wenn die Ausstrahlung in den Raum einer Kreatur eindringt, die du sehen kannst, und immer wenn eine Kreatur, die du sehen kannst, in die Ausstrahlung eintritt oder dort ihren Zug beendet, kannst du diese Kreatur zwingen, einen WIS-Rettungswurf durchzuführen. Bei einem misslungenen Rettungswurf erleidet die 5d8Kreatur Kraftschaden, bei einem erfolgreichen Rettungswurf nur die Hälfte dieses Schadens. Eine Kreatur darf diesen Rettungswurf nur einmal pro Zug durchführen.<br><br>Außerdem kannst du während der Wirkungsdauer des Zaubers die Aktion „Lösen"" als Bonus Aktion ausführen.<br><br><b>Auf höheren Level gewirkt:</b>Der Schaden erhöht sich um1d8 pro Zauberslot-Stufe über 4.";Druide, Waldläufer;
4;Wassermanagement;Level 4 Verwandlungsmagie;1 Aktion;90 m;V, G, M;Konzentration, bis zu 10 min;(eine Mischung aus Wasser und Staub) Bis das Zauberwirken endet, kontrollierst du jegliches Wasser innerhalb eines von dir gewählten Bereichs, der die Form eines Würfels mit einer Seitenlänge von100 feetbis zu hat, und wendest dabei einen der folgenden Effekte an. Als magische Aktion in deinen späteren Zügen kannst du denselben Effekt wiederholen oder einen anderen wählen.<br><br>Überschwemmung. Du lässt den Wasserstand aller stehenden Gewässer in dem Gebiet um bis zu 20 feetansteigen. Wählst du ein Gebiet in einem großen Gewässer, erzeugst du stattdessen eine20-foot hohe Welle, die sich von einer Seite des Gebiets zur anderen ausbreitet und dann bricht. Alle riesigen oder kleineren Fahrzeuge, die sich im Weg der Welle befinden, werden mit auf die andere Seite getragen. Alle riesigen oder kleineren Fahrzeuge, die von der Welle getroffen werden, haben eine Chance von 25 Prozent, zu kentern.<br><br>Der Wasserstand bleibt erhöht, bis der Zauber endet oder du einen anderen Effekt wählst. Wenn dieser Effekt eine Welle hervorgerufen hat, wiederholt sich die Welle zu Beginn deines nächsten Zuges, solange der Fluteffekt andauert.<br><br>Wasser teilen. Du teilst das Wasser in diesem Bereich und erschaffst einen Graben. Der Graben erstreckt sich über den gesamten Wirkungsbereich des Zaubers, und das getrennte Wasser bildet zu beiden Seiten eine Wand. Der Graben bleibt bestehen, bis der Zauber endet oder du einen anderen Effekt wählst. Das Wasser füllt den Graben dann im Laufe der nächsten Runde langsam wieder auf, bis der normale Wasserstand wiederhergestellt ist.<br><br>Wasser umleiten. Du bewirkst, dass fließendes Wasser in dem Bereich in eine von dir gewählte Richtung fließt, selbst wenn das Wasser dabei Hindernisse überwinden, Wände hinaufströmen oder in andere ungewöhnliche Richtungen fließen muss. Das Wasser in dem Bereich bewegt sich so, wie du es anweist, doch sobald es den Wirkungsbereich des Zaubers verlässt, fließt es entsprechend der Geländebeschaffenheit weiter. Das Wasser fließt so lange in die von dir gewählte Richtung, bis der Zauber endet oder du einen anderen Effekt wählst.<br><br>Strudel. Du lässt in der Mitte des Bereichs einen Strudel entstehen, der mindestens50 feet Quadratmeter groß und25 feet tief sein muss. Der Strudel hält so lange an, bis du einen anderen Effekt wählst oder der Zauber endet. Der Strudel ist an der 5 feetBasis Breit, oben bis zu50 feet Breit und25 feet hoch. Jede Kreatur, die sich im Wasser und innerhalb25 feetvon vom Strudel befindet, wird in dessen Richtung 10 feetgezogen. Wenn eine Kreatur in einem Zug zum ersten Mal in den Strudel eintritt oder ihren Zug dort beendet, führt sie einen STR-Rettungswurf durch. Bei einem misslungenen Rettungswurf erleidet die 2d8Kreatur Schlagschaden. Bei einem erfolgreichen Rettungswurf erleidet die Kreatur nur die Hälfte des Schadens. Eine Kreatur kann nur dann aus dem Strudel herausschwimmen, wenn sie zuvor eine Aktion zum Wegziehen ausführt und einen Stärke-Probe (Leichtathletik) gegen deine Zauberrettungs-SG besteht.;Kleriker, Druide, Magier;
4;Todesstation;Level 4 Bannmagie;1 Aktion;Berührung;V, G;8 h;Du berührst eine Kreatur und gewährst ihr einen gewissen Schutz vor dem Tod. Wenn die Lebenspunkte des Ziels zum ersten Mal vor Ablauf des Zaubers auf 0 sinken würden, sinken sie stattdessen auf 1, und der Zauber endet.<br><br>Wenn der Zauber noch wirkt, wenn das Ziel einem Effekt ausgesetzt wird, der es Unmittelbar töten würde, ohne Schaden zu verursachen, wird dieser Effekt gegenüber dem Ziel aufgehoben, und der Zauber endet.;Kleriker, Paladin;
4;Dimension Door;Level 4 Beschwörung;1 Aktion;150 m;V;Unmittelbar;"Du teleportierst dich an einen Ort innerhalb der Reichweite. Du landest genau an der gewünschten Stelle. Das kann ein Ort sein, den du sehen kannst, den du dir vorstellen kannst oder den du durch Angabe von Entfernung und Richtung beschreiben kannst, zum Beispiel „gerade nach unten""60 m oder 90 m„nach oben in Richtung Nordwesten in einem Winkel von 45 Grad"".<br><br>Du kannst außerdem eine bereitwillige Kreatur teleportieren. Die Kreatur muss sich beim Teleportieren in5 feetdeiner Nähe befinden und wird an einen Platz innerhalb5 feetvon von deinem Zielplatz teleportiert.<br><br>Wenn du, das andere Wesen oder ihr beide in einem Feld ankommen würdet, das von einem Wesen besetzt oder vollständig mit einem oder mehreren Gegenständen gefüllt ist, erleidet ihr jeweils4d6 Kraftschaden, und die Teleportation schlägt fehl.";Barde, Zauberer, Hexenmeister, Magier;
4;Wahrsagerei;Level 4 Erkenntnismagie;1 Aktion or Ritual;Selbst;V, G, M;Unmittelbar;(Weihrauch im Wert von mindestens 25 GP, den der Zauber verbraucht) Dieser Zauber bringt dich in Kontakt mit einem Gott oder dessen Dienern. Du stellst eine Frage zu einem bestimmten Ziel, Ereignis oder einer bestimmten Handlung, die innerhalb von 7 Tagen eintreten soll. Der Spielleiter gibt dir eine wahrheitsgemäße Antwort, die aus einem kurzen Satz oder einem rätselhaften Reim bestehen kann. Der Zauber berücksichtigt keine Umstände, die die Antwort beeinflussen könnten, wie beispielsweise das Wirken anderer Zauber.<br><br>Wenn du den Zauber vor dem Ende einer langen Ruhepause mehr als einmal wirkst, besteht bei jedem weiteren Zauber nach dem ersten eine kumulative Wahrscheinlichkeit von 25 Prozent, dass du keine Antwort erhältst.;Kleriker, Druide, Magier;
4;Beherrsche das Biest;Level 4 Verzauberung;1 Aktion;18 m;V, G;Konzentration, bis zu 1 min;"Ein Tier, das sich in Reichweite befindet, muss einen WIS-Rettungswurf bestehen oder erhält für die Dauer des Zaubers den Status „Verzaubert"". Das Ziel erhält einen Vorteil bei diesem Rettungswurf, wenn du oder deine Verbündeten gegen es kämpfen. Immer wenn das Ziel Schaden erleidet, wiederholt es den Rettungswurf; bei Erfolg endet der Zauber für das Ziel.<br><br>Solange ihr euch auf derselben Existenzebene befindet, besteht zwischen dir und dem verzauberten Ziel eine telepathische Verbindung. In deinem Zug kannst du diese Verbindung nutzen, um dem Ziel Befehle zu erteilen (keine Aktion erforderlich), wie zum Beispiel „Greife diese Kreatur an"", „Beweg dich dorthin"" oder „Hol diesen Gegenstand"". Das Ziel tut sein Bestes, um in seinem Zug zu gehorchen. Wenn es einen Befehl ausgeführt hat und keine weiteren Anweisungen von dir erhält, handelt und bewegt es sich nach eigenem Ermessen und konzentriert sich darauf, sich selbst zu schützen.<br><br>Du kannst dem Ziel befehlen, eine Reaktion auszuführen, musst dafür aber selbst eine Reaktion ausführen.<br><br><b>Auf höheren Level gewirkt:</b>Deine Konzentration kann mit einem Zauberslot der Stufe 5 (bis zu 10 Minuten), 6 (bis zu 1 Stunde) oder 7+ (bis zu 8 Stunden) länger anhalten.";Druide, Waldläufer, Zauberer;
4;Evards schwarze Tentakel;Level 4 Beschwörung;1 Aktion;27 m;V, G, M;Konzentration, bis zu 1 min;"(ein Tentakel) Sich windende, pechschwarze Tentakel bedecken ein20-footQuadrat auf dem Boden, das du innerhalb der Reichweite sehen kannst. Für die Dauer des Zaubers verwandeln diese Tentakel den Boden in diesem Bereich in schwieriges Gelände.<br><br>Jede Kreatur in diesem Bereich führt einen STR-Rettungswurf durch. Bei einem misslungenen Rettungswurf erleidet 3d6sie Schlagschaden und befindet sich bis zum Ende des Zaubers im Zustand „Gefesselt"". Eine Kreatur führt diesen Rettungswurf auch durch, wenn sie den Bereich betritt oder ihren Zug dort beendet. Eine Kreatur führt diesen Rettungswurf nur einmal pro Zug durch.<br><br>Ein gefesseltes Wesen kann eine Aktion ausführen, um einen Stärke-Probe (Sport) gegen deine Zauber-Rettungswurf-SG durchzuführen; bei Erfolg hebt es diesen Zustand bei sich selbst auf.";Magier;
4;Hergestellt;Level 4 Verwandlungsmagie;10 min;36 m;V, G;Unmittelbar;Man verarbeitet Rohstoffe zu Produkten aus demselben Material. So kann man beispielsweise aus einem Baumstamm eine Holzbrücke bauen, aus einem Hanffeld ein Seil herstellen oder aus Flachs oder Wolle Kleidung nähen.<br><br>Wähle Rohstoffe aus, die du in deiner Reichweite sehen kannst. Bei ausreichender Materialmenge kannst du ein großes oder kleineres Objekt herstellen (das in einen10-footWürfel oder acht miteinander verbundene5-footWürfel passt). Wenn du jedoch mit Metall, Stein oder einem anderen mineralischen Werkstoff arbeitest, darf das hergestellte Objekt nicht größer als mittelgroß sein (es muss in einen5-footWürfel passen). Die Qualität der hergestellten Objekte richtet sich nach der Qualität der Rohstoffe.<br><br>Mit diesem Zauber können keine Kreaturen und magischen Gegenstände erschaffen werden. Du kannst ihn auch nicht dazu verwenden, Gegenstände herzustellen, die ein hohes Maß an Geschicklichkeit erfordern - wie beispielsweise Waffen und Rüstungen -, es sei denn, du beherrschst die Art von Handwerkswerkzeugen, die zur Herstellung solcher Gegenstände verwendet werden.;Artificer, Magier;
4;Feuerschild;Level 4 Hervorrufung;1 Aktion;Selbst;V, G, M;10 min;(ein bisschen Phosphor oder ein Glühwürmchen) Zarte Flammen umhüllen deinen Körper für die Dauer des Zaubers, strahlen in einem10-footRadius helles Licht aus und in einem weiteren Radius 10 feetschwaches Licht.<br><br>Die Flammen bieten dir je nach Wahl einen Wärmeschild oder einen Kälteschild. Der Wärmeschild gewährt dir Widerstand gegen Kälteschaden, und der Kälteschild gewährt dir Widerstand gegen Feuerschaden.<br><br>Außerdem bricht jedes Mal, wenn dich eine Kreatur in5 feetdeiner Nähe mit einem Nahkampfangriff trifft, ein Flammenausbruch aus dem Schild hervor. Der Angreifer erleidet2d8Feuerschaden durch einen warmen Schild oder2d8Kälteschaden durch einen kalten Schild.;Druide, Zauberer, Magier;
4;Quelle des Mondlichts;Level 4 Hervorrufung;1 Aktion;Selbst;V, G;Konzentration, bis zu 10 min;"Ein kühles Licht umhüllt deinen Körper für die Dauer des Zaubers, strahlt in einem20-footRadius helles Licht aus und in einem weiteren Radius 20 feetgedämpftes Licht.<br><br>Solange der Zauber wirkt, bist du gegen Strahlungsschaden resistent, und deine Nahkampfangriffe verursachen bei einem Treffer zusätzlichen2d6Strahlungsschaden.<br><br>Außerdem kannst du unmittelbar nachdem du Schaden von einer Kreatur erlitten hast, die sich in60 feetSichtweite von dir befindet, eine Reaktion ausführen, um die Kreatur zu zwingen, einen Konstitutionsrettungswurf durchzuführen. Bei einem misslungenen Rettungswurf leidet die Kreatur bis zum Ende deines nächsten Zuges unter dem Zustand „Geblendet"".";Barde, Druide;
4;Freizügigkeit;Level 4 Bannmagie;1 Aktion;Berührung;V, G, M;1 h;"(ein Lederriemen) Du berührst ein williges Wesen. Für die Dauer des Zaubers wird die Bewegung des Ziels nicht durch schwieriges Gelände beeinträchtigt, und Zauber sowie andere magische Effekte können weder die Bewegungsgeschwindigkeit des Ziels verringern noch dazu führen, dass das Ziel die Zustände „gelähmt"" oder „gefesselt"" erhält. Das Ziel verfügt zudem über eine Schwimmgeschwindigkeit, die seiner Bewegungsgeschwindigkeit entspricht.<br><br>Außerdem kann das Ziel Bewegungspunkte5 feet aufwenden, um sich automatisch aus nichtmagischen Fesseln zu befreien, wie beispielsweise Handschellen oder einer Kreatur, die ihm den Zustand „Festgehalten"" auferlegt hat.<br><br><b>Auf höheren Level gewirkt:</b>Du kannst für jede Stufe des Zauberslots über 4 eine weitere Kreatur als Ziel wählen.";Artificer, Barde, Kleriker, Druide, Waldläufer;
4;Rieseninsekt;Level 4 Beschwörung;1 Aktion;18 m;V, G;Konzentration, bis zu 10 min;"Du beschwörst eine riesige Tausendfüßlerin, Spinne oder Wespe (die Wahl triffst du beim Wirken des Zaubers). Sie erscheint an einem freien Ort, den du innerhalb der Reichweite sehen kannst, und folgt den Werten des „Rieseninsekts"". Die von dir gewählte Gestalt bestimmt bestimmte Details in ihrem Werteblock. Die Kreatur verschwindet, sobald ihre TP auf 0 sinken oder der Zauber endet.<br><br>Die Kreatur ist ein Verbündeter von dir und deinen Verbündeten. Im Kampf teilt sich die Kreatur deine Initiative, ist jedoch unmittelbar nach dir an der Reihe. Sie befolgt deine verbalen Befehle (ohne dass du dafür eine Aktion aufwenden musst). Wenn du keine Befehle erteilst, führt sie die Aktion „Ausweichen"" aus und nutzt ihre Bewegung, um Gefahren auszuweichen.<br><br><b>Auf höheren Level gewirkt:</b>Verwende die Stufe des Zauberslots als Stufe des Zaubers im Charakterblatt.<br><br>Rieseninsekt Großes Tier, ungebunden Rüstungsklasse: 11 + Zauberstufe TP: 30 + 10 pro Zauberstufe über 4 Geschwindigkeit: 12 m., Klettern 12 m., Fliegen 12 m. (nur Wespe) STÄ (Mod / Rett) GES (Mod / Rett) KON (Mod / Rett.) INT (Mod / Rett.) WEI (Mod / Rett.) CHA (Mod / Rett.) 17 (+3 / +3) 13 (+1 / +1) 15 (+2 / +2) 4 (-3 / -3) 14 (+2 / +2) 3 (-4 / -4) Sinne: Dunkelheitssicht 18 m., Passive Wahrnehmung 12 Sprachen: Versteht die Sprachen, die du kennst Herausforderungsgrad: Keiner (XP 0; PB entspricht deinem Fertigkeitsbonus) Eigenschaften Spinnenklettern. Das Insekt kann schwierige Oberflächen erklimmen, einschließlich Decken, ohne einen Fähigkeitswurf durchführen zu müssen. Aktionen Mehrfachangriff. Das Insekt führt eine Anzahl von Angriffen durch, die der Hälfte der Stufe dieses Zaubers entspricht (abgerundet). Giftstich. Nahkampfangriffswurf: Der Bonus entspricht deinem Zauberangriffsmodifikator, Reichweite 3 m. Treffer:1W6 + 3 plus der Zauberstufe Durchdringungsschaden plus1d4 Giftschaden. Netzblitz (nur Spinnen). Fernkampfangriffswurf: Der Bonus entspricht deinem Zauberangriffsmodifikator, Reichweite 18 m. Treffer:1W10 + 3 plus der Zauberstufe Bludgeoning-Schaden, und die Geschwindigkeit des Ziels wird bis zum Beginn des nächsten Zuges des Insekts auf 0 reduziert. Bonusaktionen Giftiger Spritz (nur Tausendfüßler). Konstitutionsrettungswurf: Dein Zauberrettungs-DC, eine Kreatur, die das Insekt innerhalb von sehen10 feet kann. Fehlschlag: Das Ziel hat den Zustand „Vergiftet"" bis zum Beginn des nächsten Zuges des Insekts.";Druide;
4;Kletterpflanze;Level 4 Beschwörung;1 Bonus Aktion;18 m;V, G;Konzentration, bis zu 1 min;"Du beschwörst eine Ranke, die an einer Oberfläche in einem unbesetzten Bereich, den du innerhalb der Reichweite sehen kannst, aus dem Boden sprießt. Die Ranke bleibt für die gesamte Dauer bestehen.<br><br>Führe einen Nahkampf-Zauberangriff gegen eine Kreatur in30 feet Reichweite der Ranke aus. Bei einem Treffer erleidet das Ziel4d8 Schlagschaden und wird bis zu30 feet in Richtung der Ranke gezogen; wenn das Ziel riesig oder kleiner ist, erhält es den Zustand „Festgehalten"" (Flucht-SG entspricht deiner Zauber-SG). Die Ranke kann jeweils nur eine Kreatur festhalten, und du kannst die Ranke dazu bringen, eine festgehaltene Kreatur loszulassen (keine Aktion erforderlich).<br><br>Als Bonus Aktion in deinen späteren Runden kannst du den Angriff gegen eine Kreatur innerhalb30 feetvon der Ranke wiederholen.<br><br><b>Auf höheren Level gewirkt:</b>Die Anzahl der Wesen, die die Ranke festhalten kann, erhöht sich um eins pro Zauberslot-Stufe über Stufe 4.";Druide, Waldläufer;
4;Noch mehr Unsichtbarkeit;Level 4 Illusionsmagie;1 Aktion;Berührung;V, G;Konzentration, bis zu 1 min;"Eine Kreatur, die du berührst, erhält den Status „Unsichtbar"", bis der Zauber endet.";Barde, Zauberer, Magier;
4;Hüter des Glaubens;Level 4 Beschwörung;1 Aktion;9 m;V;8 h;"Ein großer spektraler Wächter erscheint und schwebt für die Dauer des Zaubers an einer freien Stelle, die du innerhalb der Reichweite sehen kannst. Der Wächter nimmt diesen Platz ein und ist unverwundbar; er erscheint in einer Gestalt, die zu deiner Gottheit oder deinem Pantheon passt.<br><br>Jeder Gegner, der sich in diesem Zug zum ersten Mal auf ein Feld innerhalb10 feetvon vom Wächter bewegt oder seinen Zug dort beginnt, muss einen Geschicklichkeitsrettungswurf durchführen; bei einem misslungenen Rettungswurf erleidet er 20 Strahlungsschaden, bei einem erfolgreichen Rettungswurf die Hälfte dieses Schadens. Der Wächter verschwindet, sobald er insgesamt 60 Schaden verursacht hat.";Kleriker;
4;Halluzinatorisches Terrain;Level 4 Illusionsmagie;10 min;90 m;V, G, M;24 h;"(ein Pilz) Du lässt natürliches Gelände in einem150-footWürfel in Reichweite so aussehen, klingen und riechen wie eine andere Art von natürlichem Gelände. So können offene Felder oder eine Straße so gestaltet werden, dass sie einem Sumpf, einem Hügel, einer Gletscherspalte oder einem anderen schwierigen oder unpassierbaren Gelände ähneln. Ein Teich kann wie eine grasbewachsene Wiese wirken, ein Abgrund wie ein sanfter Hang oder eine mit Felsen übersäte Schlucht wie eine breite und ebene Straße. Künstliche Bauwerke, Ausrüstung und Lebewesen innerhalb des Bereichs werden nicht verändert.<br><br>Da sich die taktilen Eigenschaften des Geländes nicht verändert haben, werden Kreaturen, die das Gebiet betreten, die Illusion wahrscheinlich bemerken. Ist der Unterschied beim Berühren nicht offensichtlich, kann eine Kreatur, die die Illusion untersucht, die Aktion „Untersuchen"" ausführen, um einen Intelligenz-Wurf (Untersuchung) gegen deinen Zauber-Rettungs-DC durchzuführen und die Illusion zu durchschauen. Erkennt eine Kreatur, dass das Gelände illusorisch ist, sieht sie ein vages Bild, das sich über das echte Gelände legt.";Barde, Druide, Hexenmeister, Magier;
4;Eissturm;Level 4 Hervorrufung;1 Aktion;90 m;V, G, M;Unmittelbar;(ein Handschuh) Hagel fällt in einem Zylinder20-foot mit einem Radius von und 40-footeiner Höhe von, dessen Mittelpunkt ein Punkt innerhalb der Reichweite ist. Jede Kreatur im Zylinder führt einen DEX-Rettungswurf durch. Bei einem misslungenen Rettungswurf erleidet die 2d10Kreatur Schlagschaden und4d6 Kälteschaden, bei einem erfolgreichen Rettungswurf nur die Hälfte dieses Schadens.<br><br>Hagelkörner verwandeln den Boden im Zylinder bis zum Ende deines nächsten Zuges in schwieriges Gelände.<br><br><b>Auf höheren Level gewirkt:</b>Der Schlagschaden erhöht sich um1d10 pro Zauberslot-Stufe über 4.;Druide, Zauberer, Magier;
4;Leomunds geheime Truhe;Level 4 Beschwörung;1 Aktion;Berührung;V, G, M;Bis Zauber gebannt wird;(eine Truhe,0,9 m mit2 feetden Maßen × 0,6 m×, aus seltenen Materialien im Wert von über 5.000 GP, sowie eine winzige Nachbildung der Truhe aus denselben Materialien im Wert von über 50 GP) Du versteckst eine Truhe samt ihrem gesamten Inhalt auf der Ätherischen Ebene. Du musst die Truhe und die Miniaturnachbildung berühren, die als materielle Komponenten für den Zauber dienen. Die Truhe kann bis zu 12 Kubikfuß nichtlebendes Material (3 feetmit2 feetden Maßen × × 0,6 m) enthalten.<br><br>Solange sich die Truhe auf der Ätherischen Ebene befindet, kannst du eine magische Aktion ausführen und die Nachbildung berühren, um die Truhe zurückzuholen. Sie erscheint an einem freien Platz auf dem Boden in5 feetdeiner Nähe. Du kannst die Truhe zurück auf die Ätherische Ebene schicken, indem du eine magische Aktion ausführst und dabei die Truhe und die Nachbildung berührst.<br><br>Nach 60 Tagen besteht am Ende jedes Tages eine kumulative Wahrscheinlichkeit von 5 Prozent, dass der Zauber endet. Der Zauber endet außerdem, wenn du ihn erneut wirkst oder wenn die winzige Nachbildung der Truhe zerstört wird. Wenn der Zauber endet und sich die größere Truhe auf der Ätherischen Ebene befindet, bleibt sie dort, sodass du oder jemand anderes sie finden kann.;Artificer, Magier;
4;Kreatur suchen;Level 4 Erkenntnismagie;1 Aktion;Selbst;V, G, M;Konzentration, bis zu 1 h;"(Fell eines Bluthundes) Beschreibe oder nenne ein Lebewesen, das dir vertraut ist. Du spürst die Richtung zum Aufenthaltsort des Lebewesens, wenn es sich in einem000 feet Umkreis von 1 von dir befindet. Wenn sich das Lebewesen bewegt, kennst du die Richtung seiner Bewegung.<br><br>Der Zauber kann eine bestimmte Kreatur, die dir bekannt ist, oder die nächstgelegene Kreatur einer bestimmten Art (wie beispielsweise einen Menschen oder ein Einhorn) aufspüren, sofern du eine solche Kreatur mindestens einmal aus 30 feetnächster Nähe gesehen hast. Befindet sich die von dir beschriebene oder benannte Kreatur in einer anderen Gestalt, beispielsweise unter dem Einfluss eines Zaubers wie „Fleisch zu Stein"" oder „Verwandlung"", kann dieser Zauber die Kreatur nicht aufspüren.<br><br>Dieser Zauber kann eine Kreatur nicht orten, wenn auch nur eine bleidicke Schicht den direkten Weg zwischen dir und der Kreatur versperrt.";Barde, Kleriker, Druide, Paladin, Waldläufer, Magier;
4;Mordenkainens treuer Hund;Level 4 Beschwörung;1 Aktion;9 m;V, G, M;8 h;"(eine silberne Pfeife) Du beschwörst einen Phantom-Wachhund an einem unbesetzten Ort, den du in Reichweite sehen kannst. Der Hund bleibt für die Dauer des Zaubers oder so lange, bis ihr beide mehr als voneinander300 feet entfernt seid.<br><br>Niemand außer dir kann den Hund sehen, und er ist immateriell und unverwundbar. Wenn sich eine kleine oder größere Kreatur ihm nähert30 feet, ohne zuvor das Passwort zu sagen, das du beim Wirken dieses Zaubers festlegst, beginnt der Hund laut zu bellen. Der Hund verfügt über „Wahrsicht"" mit einer Reichweite von 9 m.<br><br>Zu Beginn jedes deiner Züge versucht der Hund, einen Gegner in5 feetseiner Nähe zu beißen. Dieser Gegner muss einen DEX-Rettungswurf bestehen oder erleidet4d8Kraftschaden.<br><br>In deinen späteren Zügen kannst du eine Magie-Aktion ausführen, um den Hund bis zu 9 m... zu bewegen.";Magier;
4;Mordenkainen's Private Sanctum;Level 4 Bannmagie;10 min;36 m;V, G, M;24 h;(eine dünne Bleifolie) Du machst einen Bereich innerhalb der Reichweite magisch sicher. Der Bereich ist ein Würfel, dessen Seitenlänge zwischen5 feet100 feet und liegen kann. Der Zauber hält für die angegebene Dauer an.<br><br>Wenn du den Zauber wirkst, entscheidest du, welche Art von Schutz der Zauber bietet, indem du eine der folgenden Eigenschaften auswählst:<br><br>Schall kann die Barriere am Rand des geschützten Bereichs nicht durchdringen. Die Barriere des geschützten Bereichs erscheint dunkel und neblig, sodass man nicht hindurchsehen kann (auch nicht mit Dunkelheitssicht). Durch Wahrsagungszauber erzeugte Sensoren können nicht innerhalb des geschützten Bereichs erscheinen oder die Barriere an dessen Rand durchdringen. Kreaturen in diesem Bereich können nicht Ziel von Wahrsagungszaubern werden. Nichts kann sich in den oder aus dem geschützten Bereich teleportieren. Planare Reisen sind innerhalb des geschützten Bereichs blockiert.<br><br>Wenn man diesen Zauber 365 Tage lang jeden Tag an derselben Stelle wirkt, hält er so lange an, bis er aufgehoben wird.<br><br><b>Auf höheren Level gewirkt:</b>Du kannst die Größe des Würfels für100 feet jede Zauberslot-Stufe über 4 erhöhen.;Artificer, Magier;
4;Otilukes widerstandsfähige Kugel;Level 4 Bannmagie;1 Aktion;9 m;V, G, M;Konzentration, bis zu 1 min;"(eine Glaskugel) Eine schimmernde Kugel umschließt eine große oder kleinere Kreatur oder einen Gegenstand innerhalb der Reichweite. Eine Kreatur, die sich dem widersetzt, muss einen DEX-Rettungswurf bestehen, sonst bleibt sie für die Dauer des Zaubers eingeschlossen.<br><br>Nichts - weder physische Objekte noch Energie oder andere Zauberwirkungen - kann die Barriere durchdringen, weder hinein noch hinaus, obwohl eine Kreatur innerhalb der Sphäre dort atmen kann. Die Sphäre ist immun gegen jeglichen Schaden, und eine Kreatur oder ein Objekt im Inneren kann weder durch Angriffe oder Wirkungen von außen Schaden nehmen, noch kann eine Kreatur innerhalb der Sphäre etwas außerhalb der Sphäre beschädigen.<br><br>Die Kugel ist schwerelos und gerade groß genug, um das Wesen oder den Gegenstand darin aufzunehmen. Ein darin eingeschlossenes Wesen kann eine Aktion ausführen, um gegen die Wände der Kugel zu drücken und sie so mit bis zur Hälfte seiner Bewegungsgeschwindigkeit zu rollen. Ebenso kann die Kugel von anderen Wesen aufgenommen und bewegt werden.<br><br>Ein „Zerstörungszauber"", der auf den Globus gerichtet ist, zerstört ihn, ohne etwas in seinem Inneren zu beschädigen.";Artificer, Magier;
4;Der geisterhafte Mörder;Level 4 Illusionsmagie;1 Aktion;36 m;V, G;Konzentration, bis zu 1 min;Du greifst auf die Albträume einer Kreatur zurück, die sich in Reichweite befindet, und erschaffst eine Illusion ihrer tiefsten Ängste, die nur für diese Kreatur sichtbar ist. Das Ziel muss einen WIS-Rettungswurf durchführen. Bei einem misslungenen Rettungswurf erleidet das Ziel4d10 psychischen Schaden und erhält für die Dauer des Zaubers Nachteil bei Fähigkeitsproben und Angriffswürfen. Bei einem erfolgreichen Rettungswurf erleidet das Ziel nur die Hälfte des Schadens, und der Zauber endet.<br><br>Während der Wirkungsdauer muss das Ziel am Ende jedes seiner Züge einen WIS-Rettungswurf durchführen. Bei einem misslungenen Rettungswurf erleidet es erneut den psychischen Schaden. Bei einem erfolgreichen Rettungswurf endet der Zauber.<br><br><b>Auf höheren Level gewirkt:</b>Der Schaden erhöht sich um1d10 pro Zauberslot-Stufe über 4.;Barde, Magier;
4;Polymorph;Level 4 Verwandlungsmagie;1 Aktion;18 m;V, G, M;Konzentration, bis zu 1 h;(ein Raupenkokon) Du versuchst, eine Kreatur, die du innerhalb der Reichweite sehen kannst, in ein Tier zu verwandeln. Das Ziel muss einen WIS-Rettungswurf bestehen oder sich für die Dauer der Wirkung in eine Tiergestalt verwandeln. Diese Gestalt kann jedes Tier deiner Wahl sein, dessen Herausforderungsgrad gleich oder geringer ist als der des Ziels (oder dessen Stufe, falls es keinen Herausforderungsgrad hat). Die Spielwerte des Ziels werden durch den Werteblock der gewählten Bestie ersetzt, aber das Ziel behält seine Gesinnung, Persönlichkeit, seinen Kreaturentyp, seine TP und seine Trefferpunktwürfel. Ein Beispiel für Werteblöcke von Bestien findest du in Anhang B.<br><br>Das Ziel erhält so viele temporäre TP, wie die TP seiner Tiergestalt betragen. Diese temporären TP verfallen, sofern noch welche übrig sind, wenn der Zauber endet. Der Zauber endet vorzeitig für das Ziel, wenn es keine temporären TP mehr hat. Das Ziel ist in seinen Handlungen durch die Anatomie seiner neuen Gestalt eingeschränkt und kann weder sprechen noch Zauber wirken.<br><br>Die Ausrüstung des Ziels verschmilzt mit der neuen Gestalt. Die Kreatur kann diese Ausrüstung weder benutzen noch anderweitig davon profitieren.;Barde, Druide, Zauberer, Magier;
4;Erschütternder Schlag;Level 4 Verzauberung;1 Bonus Aktion, die du unmittelbar nach einem Treffer gegen eine Kreatur mit einer Nahkampfwaffe oder einem unbewaffneten Schlag ausführst;Selbst;V;Unmittelbar;"Das Ziel erleidet durch den Angriff zusätzlichen4d6psychischen Schaden und muss einen WIS-Rettungswurf bestehen; andernfalls befindet es sich bis zum Ende deines nächsten Zuges im Zustand „Betäubt"".<br><br><b>Auf höheren Level gewirkt:</b>Der zusätzliche Schaden erhöht sich um1d6 pro Zauberslot-Stufe über 4.";Paladin;
4;Steinform;Level 4 Verwandlungsmagie;1 Aktion;Berührung;V, G, M;Unmittelbar;(weicher Lehm) Du berührst einen Stein Gegenstand mittlerer Größe oder kleiner oder einen Steinabschnitt, der in keiner Dimension5 feet größer als ist, und formst ihn in eine beliebige Gestalt. Du könntest zum Beispiel einen großen Felsbrocken zu einer Waffe, einer Statue oder einer Truhe formen oder einen kleinen Durchgang durch eine Wand schaffen, die dick5 feet ist. Du könntest auch eine Steintür oder deren Rahmen formen, um die Tür zu versiegeln. Der von dir geschaffene Gegenstand kann bis zu zwei Scharniere und einen Riegel haben, feinere mechanische Details sind jedoch nicht möglich.;Artificer, Kleriker, Druide, Magier;
4;Steinhaut;Level 4 Verwandlungsmagie;1 Aktion;Berührung;V, G, M;Konzentration, bis zu 1 h;(Diamantstaub im Wert von über 100 GP, den der Zauber verbraucht) Bis zum Ende des Zaubers verfügt eine willige Kreatur, die du berührst, über Widerstand gegen Schlag-, Stich- und Schnittschaden.;Artificer, Druide, Waldläufer, Zauberer, Magier;
4;Aberration beschwören;Level 4 Beschwörung;1 Aktion;27 m;V, G, M;Konzentration, bis zu 1 h;"(ein eingelegtes Tentakel und ein Augapfel in einem mit Platin verzierten Fläschchen im Wert von über 400 GP) Du beschwörst einen abartigen Geist. Er manifestiert sich an einer freien Stelle, die du innerhalb der Reichweite sehen kannst, und verwendet den Charakterblock „Aberrant Spirit"". Wähle beim Wirken des Zaubers zwischen Beholderkin, Mind Flayer oder Slaad. Die Kreatur ähnelt einer Abart dieser Art, was bestimmte Details in ihrem Charakterblock bestimmt. Die Kreatur verschwindet, wenn ihre TP auf 0 sinken oder wenn der Zauber endet.<br><br>Das Wesen ist ein Verbündeter von dir und deinen Verbündeten. Im Kampf teilt es sich deine Initiative, ist jedoch unmittelbar nach dir an der Reihe. Es befolgt deine mündlichen Befehle (ohne dass du dafür eine Aktion aufwenden musst). Wenn du keine Befehle erteilst, führt es die Aktion „Ausweichen"" aus und nutzt seine Bewegung, um Gefahren auszuweichen.<br><br><b>Auf höheren Level gewirkt:</b>Verwende die Stufe des Zauberslots als Stufe des Zaubers im Charakterblatt.<br><br>Abartiges Geistmedium - Abart, neutral Rüstungsklasse: 11 + die Stufe des Zaubers TP: 40 + 10 für jede Zauberstufe über 4 Geschwindigkeit: 9 m.; Fliegen 9 m. (Schweben; nur Beholderkin) STÄ (Mod / Rett) GES (Mod / Rett) KON (Mod / Rett.) INT (Mod / Rett.) WIS (Mod / Rett.) CHA (Mod / Rett.) 16 (+3 / +3) 10 (+0 / +0) 15 (+2 / +2) 16 (+3 / +3) 10 (+0 / +0) 6 (-2 / -2) Immunitäten Psychische Sinne: Dunkelvision 18 m., Passive Wahrnehmung 10 Sprachen: Tiefsprache, versteht die Sprachen, die du kennst Herausforderungsgrad: Keiner (XP 0; PB entspricht deinem Fertigkeitsbonus) Eigenschaften Regeneration (nur Slaad). Der Geist gewinnt zu Beginn seines Zuges 5 TP zurück, wenn er mindestens 1 Trefferpunkt hat. Flüsternde Aura (nur Mind Flayer). Zu Beginn jedes Zuges des Geistes strahlt dieser psionische Energie aus, sofern er nicht den Zustand „Handlungsunfähig"" hat. WIS-Rettungswurf: SG entspricht deinem Zauberrettungs-DC, jede Kreatur (außer dir) im Umkreis5 feetvon des Geistes. Fehlschlag:2W6 Psionischer Schaden. Aktionen Mehrfachangriff. Der Geist führt eine Anzahl von Angriffen durch, die der Hälfte der Stufe dieses Zaubers entspricht (abgerundet). Klaue (nur Slaad). Nahkampfangriffswurf: Der Bonus entspricht deinem Zauberkampfmodifikator, Reichweite 1,5 m. Treffer:1W10 + 3 + die Stufe des Zaubers Schnittschaden, und das Ziel kann bis zum Beginn des nächsten Zuges des Geistes keine TP zurückgewinnen. Augenstrahl (nur Beholderkin). Fernkampfangriffswurf: Der Bonus entspricht deinem Zauberangriffsmodifikator, Reichweite 45 m. Treffer:1W8 + 3 + die Stufe des Zaubers psychischer Schaden. Psychischer Schlag (nur Mind Flayer). Nahkampfangriffswurf: Der Bonus entspricht deinem Zauberangriffsmodifikator, Reichweite 1,5 m. Treffer:1W8 + 3 + die Stufe des Zaubers psychischer Schaden.";Hexenmeister, Magier;
4;Konstrukt beschwören;Level 4 Beschwörung;1 Aktion;27 m;V, G, M;Konzentration, bis zu 1 h;"(eine Schatzkiste im Wert von über 400 GP) Du rufst den Geist eines Konstrukts herbei. Er manifestiert sich an einem freien Ort, den du innerhalb der Reichweite sehen kannst, und verwendet den Statusblock „Konstruktgeist"". Wenn du den Zauber wirkst, wähle ein Material: Ton, Metall oder Stein. Die Kreatur gleicht einer belebten Statue (du bestimmst das Aussehen) aus dem gewählten Material, das bestimmte Details in ihrem Statusblock bestimmt. Die Kreatur verschwindet, wenn ihre TP auf 0 sinken oder wenn der Zauber endet.<br><br>Die Kreatur ist ein Verbündeter von dir und deinen Verbündeten. Im Kampf teilt sich die Kreatur deine Initiative, ist jedoch unmittelbar nach dir an der Reihe. Sie befolgt deine verbalen Befehle (ohne dass du dafür eine Aktion aufwenden musst). Wenn du keine Befehle erteilst, führt sie die Aktion „Ausweichen"" aus und nutzt ihre Bewegung, um Gefahren auszuweichen.<br><br><b>Auf höheren Level gewirkt:</b>Verwende die Stufe des Zauberslots als Stufe des Zaubers im Charakterblatt.<br><br>Konstrukt-Geist Mittleres Konstrukt, neutral Rüstungsklasse: 13 + Zauberstufe TP: 40 + 15 pro Zauberstufe über 4 Geschwindigkeit: 9 m. STÄ (Mod / Rett) GES (Mod / Rett) KON (Mod / Rett) INT (Mod / Rett) WEI (Mod / Rett) CHA (Mod / Rett) 18 (+4 / +4) 10 (+0 / +0) 18 (+4 / +4) 14 (+2 / +2) 11 (+0 / +0) 5 (-3 / -3) Resistenzen: Gift Immunitäten: Verzaubert, Erschöpfung, Verängstigt, Gelähmt, Vergiftet Sinne: Dunkelheitssicht 18 m., Passive Wahrnehmung 10 Sprachen: Versteht die Sprachen, die du beherrschst Herausforderungsgrad: Keiner (XP 0; PB entspricht deinem Fertigkeitsbonus) Eigenschaften Erhitzter Körper (nur Metall). Eine Kreatur, die den Geist mit einem Nahkampfangriff trifft oder ihren Zug in einem Grapple mit dem Geist beginnt, erleidet1d10 Feuerschaden. Steinene Lethargie (nur Stein). Wenn eine Kreatur ihren Zug in10 feet Entfernung zum Geist beginnt, kann der Geist sie mit magischer Energie angreifen, sofern er sie sehen kann. WIS-Rettungswurf: SG entspricht deiner Zauber-Rettungs-SG, das Ziel. Fehlschlag: Bis zum Beginn seines nächsten Zuges kann das Ziel keine Gelegenheitsangriffe ausführen, und seine Geschwindigkeit wird halbiert. Aktionen Mehrfachangriff. Der Geist führt eine Anzahl von Schlagangriffen aus, die der Hälfte der Stufe dieses Zaubers entspricht (abgerundet). Schlag. Nahkampfangriffswurf: Der Bonus entspricht deinem Zauberangriffsmodifikator, Reichweite 1,5 m. Treffer:1W8 + 4 + die Stufe des Zaubers Bludgeoning-Schaden. Reaktionen Berserker-Ausbruch (nur Lehm). Auslöser: Der Geist erleidet Schaden durch eine Kreatur. Reaktion: Der Geist führt, sofern möglich, einen Schlagangriff gegen diese Kreatur aus oder bewegt sich um bis zur Hälfte seiner Geschwindigkeit auf diese Kreatur zu, ohne Gelegenheitsangriffe zu provozieren.";Artificer, Magier;
4;Elementar beschwören;Level 4 Beschwörung;1 Aktion;27 m;V, G, M;Konzentration, bis zu 1 h;"(Luft, ein Kieselstein, Asche und Wasser in einem mit Gold verzierten Fläschchen im Wert von 400+ GP) Du rufst einen Elementargeist herbei. Er manifestiert sich an einer freien Stelle, die du innerhalb der Reichweite sehen kannst, und verwendet den Elementargeist-Statistikblock. Wenn du den Zauber wirkst, wähle ein Element: Luft, Erde, Feuer oder Wasser. Die Kreatur ähnelt einer zweibeinigen Gestalt, die von dem gewählten Element umhüllt ist, welches bestimmte Details in ihrem Stat-Block bestimmt. Die Kreatur verschwindet, wenn ihre TP auf 0 sinken oder wenn der Zauber endet.<br><br>Die Kreatur ist ein Verbündeter von dir und deinen Verbündeten. Im Kampf teilt sich die Kreatur deine Initiative, ist jedoch unmittelbar nach dir an der Reihe. Sie befolgt deine verbalen Befehle (ohne dass du dafür eine Aktion aufwenden musst). Wenn du keine Befehle erteilst, führt sie die Aktion „Ausweichen"" aus und nutzt ihre Bewegung, um Gefahren auszuweichen.<br><br><b>Auf höheren Level gewirkt:</b>Verwende die Stufe des Zauberslots als Stufe des Zaubers im Charakterblatt.<br><br>Elementargeist Mittlerer Elementar, neutral Rüstungsklasse: 11 + Zauberstufe TP: 50 + 10 pro Zauberstufe über 4 Geschwindigkeit: 12 m.; Graben 12 m. (nur Erde); Fliegen 12 m. (Schweben; nur Luft); Schwimmen 12 m. (nur Wasser) STÄ (Mod / Rett) GES (Mod / Rett) KON (Mod / Rett) INT (Mod / Rett) WIS (Mod / Rett) CHA (Mod / Rett) 18 (+4 / +4) 15 (+2 / +2) 17 (+3 / +3) 4 (-3 / -3) 10 (+0 / +0) 16 (+3 / +3) Resistenzen: Säure (nur Wasser), Blitz und Donner (nur Luft), Durchbohrende und Schneidende Angriffe (nur Erde) Immunitäten: Immunitäten Feuer (nur Feuer), Gift; Erschöpfung, Lähmung, Versteinerung, Vergiftung Sinne: Dunkelvision60 ft, Passive Wahrnehmung 10 Sprachen: Ursprache, versteht die Sprachen, die du kennst Herausforderungsgrad: Keiner (XP 0; PB entspricht deinem Fertigkeitsbonus) Eigenschaften Amorphe Gestalt (nur Luft, Feuer und Wasser). Der Geist kann sich durch einen Raum bewegen, der so schmal ist wie1 inch breit, ohne dass dieser als schwieriges Gelände gilt. Aktionen Mehrfachangriff. Der Geist führt eine Anzahl an Schlagangriffen durch, die der Hälfte der Stufe dieses Zaubers entspricht (abgerundet). Schlag. Nahkampfangriffswurf: Der Bonus entspricht deinem Zauberangriffsmodifikator, Reichweite 1,5 m. Treffer:1W10 + 4 + die Stufe des Zaubers Bludgeoning- (nur Erde), Kälte- (nur Wasser), Blitz- (nur Luft) oder Feuerschaden (nur Feuer).";Druide, Waldläufer, Magier;
4;Giftige Sphäre;Level 4 Hervorrufung;1 Aktion;45 m;V, G, M;Unmittelbar;(Ein Tropfen Galle) Du zeigst auf einen Ort innerhalb der Reichweite, und ein leuchtender Säureball mit1-foot einem Durchmesser von schießt dorthin und explodiert in einem 20-footRadius von. Jede Kreatur in diesem Bereich muss einen DEX-Rettungswurf durchführen. Bei einem misslungenen Rettungswurf erleidet die 10d4Kreatur Säureschaden und am Ende ihres nächsten Zuges weiteren5d4 Säureschaden. Bei einem erfolgreichen Rettungswurf erleidet die Kreatur nur die Hälfte des ursprünglichen Schadens.<br><br><b>Auf höheren Level gewirkt:</b>Der Grundschaden erhöht sich um2d4 pro Zauberslot-Stufe über 4.;Zauberer, Magier;
4;Feuerwand;Level 4 Hervorrufung;1 Aktion;36 m;V, G, M;Konzentration, bis zu 1 min;"(ein Stück Holzkohle) Du erschaffst eine Feuerwand auf einer festen Oberfläche innerhalb der Reichweite. Du kannst die Wand bis zu60 feet lang,6 m hoch und1 foot dick gestalten oder eine ringförmige Wand mit einem Durchmesser20 feet von bis zu,6 m hoch und1 foot dick. Die Wand ist undurchsichtig und hält für die gesamte Dauer an.<br><br>Wenn die Wand erscheint, muss jedes Wesen in ihrem Wirkungsbereich einen Geschicklichkeitsrettungswurf durchführen; bei einem misslungenen Rettungswurf erleidet es5d8Feuerschaden, bei einem erfolgreichen Rettungswurf nur die Hälfte dieses Schadens.<br><br>Eine Seite der Mauer, die du beim Wirken dieses Zaubers auswählst, fügt jeder 5d8Kreatur Feuerschaden zu, die ihren Zug innerhalb10 feetvon von dieser Seite oder innerhalb der Mauer beendet. Eine Kreatur erleidet denselben Schaden, wenn sie in einem Zug zum ersten Mal die Mauer betritt oder ihren Zug dort beendet. Die andere Seite der Mauer fügt keinen Schaden zu.<br><br><b>Auf höheren Level gewirkt:</b>Der Schaden erhöht sich um1d8 pro Zauberslot-Stufe über 4.";Druide, Zauberer, Magier;
5;Objekte animieren;Level 5 Verwandlungsmagie;1 Aktion;36 m;V, G;Konzentration, bis zu 1 min;"Objekte bewegen sich auf deinen Befehl hin. Wähle eine Anzahl nichtmagischer Objekte in Reichweite aus, die weder getragen noch bei dir sind, nicht an einer Oberfläche befestigt sind und nicht gigantisch sind. Die maximale Anzahl an Objekten entspricht deinem Modifikator für die Zauberfertigkeit; bei dieser Anzahl zählt ein mittelgroßes oder kleineres Ziel als ein Objekt, ein großes Ziel als zwei und ein riesiges Ziel als drei.<br><br>Jedes Ziel erwacht zum Leben, lässt Beine sprießen und wird zu einem Konstrukt, das den Statusblock „Animiertes Objekt"" verwendet; diese Kreatur steht unter deiner Kontrolle, bis der Zauber endet oder bis ihre TP auf 0 sinken. Jede Kreatur, die du mit diesem Zauber erschaffst, ist ein Verbündeter von dir und deinen Verbündeten. Im Kampf teilt sie sich deine Initiative und ist unmittelbar nach dir an der Reihe.<br><br>Bis zum Ende des Zaubers kannst du eine Bonus Aktion ausführen, um jede Kreatur, die du mit diesem Zauber erschaffen hast, mental zu befehligen, sofern sich die Kreatur in500 feetdeiner Nähe befindet (wenn du mehrere Kreaturen kontrollierst, kannst du jede von ihnen gleichzeitig befehligen und jedem denselben Befehl erteilen). Wenn du keine Befehle erteilst, führt die Kreatur die Aktion „Ausweichen"" aus und bewegt sich nur, um Schaden zu vermeiden. Wenn die Kreatur auf 0 TP fällt, kehrt sie in ihre Objektform zurück, und jeglicher verbleibende Schaden wird auf diese Form übertragen.<br><br><b>Auf höheren Level gewirkt:</b>Der Slam-Schaden der Kreatur erhöht sich um1d4 (mittel oder kleiner),1W6 (groß) oder1d12 (riesig) für jede Zauberslot-Stufe über 5.<br><br>Bewegliches Objekt - riesiges oder kleineres Konstrukt, ohne Gesinnung Rüstungsklasse: 15 TP: 10 (mittelgroß oder kleiner), 20 (groß), 40 (riesig) Geschwindigkeit: 9 m. STÄ (Mod / Rett.) GES (Mod / Rett.) KON (Mod / Rett.) INT (Mod / Rett.) WEIS (Mod / Rett.) CHA (Mod / Rett.) 16 (+3 / +3) 10 (+0 / +0) 10 (+0 / +0) 3 (-4 / -4) 3 (-4 / -4) 1 (-1 / -1) Immunitäten: Gift, Psychisch, Verzaubert, Erschöpfung, Verängstigt, Gelähmt, Vergiftet Sinne: Blindsicht 9 m., Passive Wahrnehmung 6 Sprachen: Versteht die Sprachen, die du kennst Herausforderungsgrad: Keiner (XP 0; PB entspricht deinem Fertigkeitsbonus) Aktionen Zuschlagen. Nahkampfangriffswurf: Der Bonus entspricht deinem Zauberangriffsmodifikator, Reichweite 1,5 m. Treffer: Kraftschaden in Höhe von1d4 + 3 (mittel oder kleiner),2W6 + 3 + dein Modifikator für die Zauberfertigkeit (groß) oder2d12 + 3 + dein Modifikator für die Zauberfertigkeit (riesig).";Artificer, Barde, Zauberer, Magier;
5;Antilife Shell;Level 5 Bannmagie;1 Aktion;Selbst;V, G;Konzentration, bis zu 1 h;Für die Dauer des10-footZaubers strahlt eine Aura von dir aus. Die Aura verhindert, dass andere Wesen als Konstrukte und Untote sie passieren oder durchdringen können. Ein betroffenes Wesen kann durch die Barriere hindurch Zauber wirken oder Angriffe mit Fernkampf- oder Reichweitenwaffen ausführen.<br><br>Wenn du dich so bewegst, dass eine betroffene Kreatur gezwungen ist, die Barriere zu durchqueren, endet der Zauber.;Druide;
5;Erwachen;Level 5 Verwandlungsmagie;8 h;Berührung;V, G, M;Unmittelbar;"(ein Achat im Wert von 1.000+ GP, den der Zauber verbraucht) Du verbringst die Wirkzeit damit, magische Bahnen in einem Edelstein nachzuzeichnen, und berührst dann das Ziel. Das Ziel muss entweder ein Tier- oder Pflanzenwesen mit einer Intelligenz von 3 oder weniger oder eine natürliche Pflanze sein, die kein Lebewesen ist. Das Ziel erhält eine Intelligenz von 10 und die Fähigkeit, eine Sprache zu sprechen, die du beherrschst. Handelt es sich bei dem Ziel um eine natürliche Pflanze, wird sie zu einer Pflanzenkreatur und erhält die Fähigkeit, ihre Äste, Wurzeln, Ranken, Kletterpflanzen und dergleichen zu bewegen, sowie Sinne, die denen eines Menschen ähneln. Der Spielleiter wählt für die erweckte Pflanze passende Werte aus, beispielsweise die Werte für den „Erwachten Strauch"" oder den „Erwachten Baum"" aus dem Monsterhandbuch.<br><br>Das erweckte Ziel befindet sich 30 Tage lang oder so lange, bis du oder deine Verbündeten ihm Schaden zufügen, im Zustand „Verzaubert"". Wenn dieser Zustand endet, entscheidet die erweckte Kreatur, welche Haltung sie dir gegenüber einnimmt.";Barde, Druide;
5;"„Verbanne den Schlag""";Level 5 Beschwörung;1 Bonus Aktion, die du unmittelbar nach einem Treffer gegen eine Kreatur mit einer Nahkampfwaffe oder einem unbewaffneten Schlag ausführst;Selbst;V;Konzentration, bis zu 1 min;"Das Ziel, das vom Angriffstreffer getroffen wird, erleidet zusätzlichen5d10 Kraftschaden durch den Angriff. Wenn der Angriff die TP des Ziels auf 50 oder weniger reduziert, muss das Ziel einen CHA-Rettungswurf bestehen oder wird für die Dauer des Zaubers auf eine harmlose Halbebene versetzt. Dort befindet sich das Ziel im Zustand „Handlungsunfähig"". Wenn der Zauber endet, erscheint das Ziel wieder an der Stelle, die es verlassen hat, oder auf dem nächstgelegenen freien Feld, falls diese Stelle besetzt ist.";Paladin;
5;Bigbys Hand;Level 5 Hervorrufung;1 Aktion;36 m;V, G, M;Konzentration, bis zu 1 min;"(eine Eierschale und ein Handschuh) Du erschaffst eine große Hand aus schimmernder magischer Energie an einer freien Stelle, die du innerhalb der Reichweite sehen kannst. Die Hand bleibt für die gesamte Dauer bestehen und bewegt sich auf deinen Befehl hin, wobei sie die Bewegungen deiner eigenen Hand nachahmt.<br><br>Die Hand ist ein Objekt mit einer Rüstungsklasse von 20 und Lebenspunkten, die deinem maximalen Lebenspunktwert entsprechen. Wenn ihre Lebenspunkte auf 0 sinken, endet der Zauber. Die Hand nimmt keinen Platz ein.<br><br>Wenn du den Zauber wirkst und in deinen späteren Runden als Bonus Aktion, kannst du die Hand um bis zu bewegen60 feet und dann einen der folgenden Effekte auslösen:<br><br>Geballte Faust. Die Hand trifft ein Ziel in5 feetihrer Nähe. Führe einen Nahkampf-Zauberangriff aus. Bei einem Treffer erleidet das Ziel5d8 Kraftschaden.<br><br>Kraftvolle Hand. Die Hand versucht, eine riesige oder kleinere Kreatur in5 feetihrer Nähe wegzustoßen. Das Ziel muss einen STR-Rettungswurf bestehen, andernfalls stößt die Hand das Ziel bis zu einer Entfernung5 feetvon plus einer Anzahl von Fuß weg, die dem Fünffachen deines Modifikators für die Zauberfertigkeit entspricht. Die Hand bewegt sich mit dem Ziel mit und bleibt dabei in5 feetdessen Nähe.<br><br>Greifende Hand. Die Hand versucht, eine riesige oder kleinere Kreatur in5 feetihrer Nähe zu packen. Das Ziel muss einen DEX-Rettungswurf bestehen, andernfalls erhält es den Zustand „Gepackt"", dessen Flucht-SG deinem Zauber-Rettungs-SG entspricht. Solange die Hand das Ziel festhält, kannst du eine Bonus Aktion ausführen, um die Hand dazu zu bringen, es zu zermalmen, wodurch dem Ziel Bludgeoning-Schaden in Höhe von4d6 plus deinem Modifikator für die Zauberfertigkeit zugefügt wird.<br><br>Schützende Hand. Die Hand gewährt dir Halbschutz vor Angriffen und anderen Effekten, die von ihrem Feld ausgehen oder dieses durchqueren. Außerdem gilt ihr Feld für deine Gegner als schwieriges Gelände.<br><br><b>Auf höheren Level gewirkt:</b>Der Schaden von „Geballte Faust"" erhöht sich um2d8 und der Schaden von „Greifende Hand"" erhöht sich um2d6 für jede Zauberslotstufe über 5.";Artificer, Zauberer, Magier;
5;Kreis der Macht;Level 5 Bannmagie;1 Aktion;Selbst;V;Konzentration, bis zu 10 min;Für die Dauer des30-footZaubers strahlt eine Aura von dir aus. Solange ihr euch in dieser Aura befindet, habt ihr und eure Verbündeten einen Vorteil bei Rettungswürfen gegen Zauber und andere magische Effekte. Wenn eine betroffene Kreatur einen Rettungswurf gegen einen Zauber oder einen magischen Effekt ausführt, bei dem ein erfolgreicher Rettungswurf nur den halben Schaden verursacht, erleidet sie keinen Schaden, wenn der Rettungswurf gelingt.;Artificer, Kleriker, Paladin, Magier;
5;Cloudkill;Level 5 Beschwörung;1 Aktion;36 m;V, G;Konzentration, bis zu 10 min;"Du erschaffst eine Kugel aus gelbgrünem 20-footNebel mit einem Radius von [Radius], deren Mittelpunkt an einem Punkt innerhalb der Reichweite liegt. Der Nebel hält für die gesamte Dauer an oder bis starker Wind (wie beispielsweise der durch „Windstoß"" erzeugte) ihn zerstreut und den Zauber beendet. Der Bereich ist stark verdeckt.<br><br>Jede Kreatur in der Sphäre führt einen Konstitutionsrettungswurf durch und erleidet bei einem 5d8misslungenen Rettungswurf Giftschaden oder bei einem erfolgreichen Rettungswurf die Hälfte dieses Schadens. Eine Kreatur muss diesen Rettungswurf auch durchführen, wenn sich die Sphäre auf ihren Platz bewegt, wenn sie die Sphäre betritt oder wenn sie ihren Zug dort beendet. Eine Kreatur führt diesen Rettungswurf nur einmal pro Zug durch.<br><br>Die Kugel entfernt 10 feetsich zu Beginn jedes deiner Spielzüge von dir.<br><br><b>Auf höheren Level gewirkt:</b>Der Schaden erhöht sich um1d8 pro Zauberslot-Stufe über 5.";Zauberer, Magier;
5;Gemeinde;Level 5 Erkenntnismagie;1 min oder Ritual;Selbst;V, G, M;1 min;"(Weihrauch) Du nimmst Kontakt zu einer Gottheit oder einem göttlichen Stellvertreter auf und stellst bis zu drei Fragen, die mit Ja oder Nein beantwortet werden können. Du musst deine Fragen stellen, bevor der Zauber endet. Auf jede Frage erhältst du eine richtige Antwort.<br><br>Göttliche Wesen sind nicht unbedingt allwissend, daher kann es vorkommen, dass du die Antwort „unklar"" erhältst, wenn sich eine Frage auf Informationen bezieht, die außerhalb des Wissens der Gottheit liegen. In Fällen, in denen eine einwortige Antwort irreführend sein oder den Interessen der Gottheit zuwiderlaufen könnte, gibt der Spielleiter stattdessen möglicherweise einen kurzen Satz als Antwort.<br><br>Wenn du den Zauber vor dem Ende einer langen Ruhepause mehr als einmal wirkst, besteht bei jedem weiteren Zauber nach dem ersten eine kumulative Wahrscheinlichkeit von 25 Prozent, dass du keine Antwort erhältst.";Kleriker;
5;Eins werden mit der Natur;Level 5 Erkenntnismagie;1 min oder Ritual;Selbst;V, G;Unmittelbar;"Du trittst in Kontakt mit Naturgeistern und erlangst Wissen über die Umgebung. Im Freien gewährt dir der Zauber Einblick in die Umgebung im Umkreis3 milesvon um dich herum. In Höhlen und anderen natürlichen unterirdischen Umgebungen ist der Radius auf begrenzt. Der Zauber wirkt nicht dort, wo die Natur durch Bauwerke300 feet ersetzt wurde, wie beispielsweise in Burgen und Siedlungen.<br><br>Wähle drei der folgenden Fakten aus; du erfährst diese Fakten in Bezug auf den Wirkungsbereich des Zaubers:<br><br>Standorte von Siedlungen Standorte von Portalen zu anderen Ebenen der Existenz Standort einer Kreatur mit einer Herausforderungsstufe von 10+ (nach Wahl des Spielleiters), die entweder ein Himmlisches Wesen, ein Elementar, ein Feenwesen, ein Dämon oder ein Untoter ist Die am häufigsten vorkommende Art von Pflanze, Mineral oder Tier (du entscheidest, welche du kennenlernst) Standorte von Gewässern<br><br>Du könntest zum Beispiel den Standort eines mächtigen Monsters in der Gegend, die Standorte von Gewässern und die Standorte von Städten ermitteln.";Druide, Waldläufer;
5;Kältekegel;Level 5 Hervorrufung;1 Aktion;Selbst;V, G, M;Unmittelbar;"(ein kleiner Kristall- oder Glaskegel) Du entfesselst einen kalten Luftstoß. Jede Kreatur in einem von dir 60-footausgehenden Kegel muss einen CON-Rettungswurf durchführen; bei einem misslungenen Rettungswurf erleidet sie8d8Kälteschaden, bei einem erfolgreichen Rettungswurf nur die Hälfte des Schadens. Eine durch diesen Zauber getötete Kreatur verwandelt sich in eine gefrorene Statue, bis sie auftaut.<br><br><b>Auf höheren Level gewirkt:</b>Der Schaden erhöht sich um1d8 pro Zauberslot-Stufe über 5.";Druide, Zauberer, Magier;
5;Elementar beschwören;Level 5 Beschwörung;1 Aktion;18 m;V, G;Konzentration, bis zu 10 min;"Du beschwörst einen großen, immateriellen Geist aus den Elementarebenen, der an einer freien Stelle innerhalb der Reichweite erscheint. Wähle das Element des Geistes, das seine Schadensart bestimmt: Luft (Blitz), Erde (Donner), Feuer (Feuer) oder Wasser (Kälte). Der Geist bleibt für die gesamte Dauer bestehen.<br><br>Immer wenn eine Kreatur, die du sehen kannst, das Feld des Geistes betritt oder ihren Zug in5 feetder Nähe des Geistes beginnt, kannst du diese Kreatur zu einem DEX-Rettungswurf zwingen, sofern der Geist keine Kreatur im Zustand „Gefesselt"" hat. Bei einem misslungenen Rettungswurf erleidet das Ziel8d8 Schaden der Art des Geistes und befindet sich bis zum Ende des Zaubers im Zustand „Gefesselt"". Zu Beginn jedes seiner Züge wiederholt das gefesselte Ziel den Rettungswurf. Bei einem misslungenen Rettungswurf erleidet das Ziel4d8 Schaden der Art des Geistes. Bei einem erfolgreichen Rettungswurf wird das Ziel nicht vom Geist gefesselt.<br><br><b>Auf höheren Level gewirkt:</b>Der Schaden erhöht sich um1d8 pro Zauberslot-Stufe über 5.";Druide, Magier;
5;Zauber-Volley;Level 5 Beschwörung;1 Aktion;45 m;V, G, M;Unmittelbar;(eine Nahkampf- oder Fernkampfwaffe im Wert von mindestens 1 CP) Du schwenkst die Waffe, mit der du den Zauber gewirkt hast, und wählst einen Punkt innerhalb der Reichweite aus. Hunderte ähnlicher spektraler Waffen (oder der Waffe entsprechende Munition) fallen in einer Salve herab und verschwinden dann. Jede Kreatur deiner Wahl, die du in einem Zylinder mit einem40-foot Radius von - und 20-footeiner Höhe von - um diesen Punkt herum sehen kannst, muss einen Geschicklichkeitsrettungswurf durchführen. Eine Kreatur erleidet bei einem 8d8misslungenen Rettungswurf Kraftschaden oder bei einem erfolgreichen Rettungswurf die Hälfte dieses Schadens.;Waldläufer;
5;"Kontakt zu „Other Plane""";Level 5 Erkenntnismagie;1 min oder Ritual;Selbst;V;1 min;"Du nimmst mental Kontakt zu einem Halbgott, dem Geist eines längst verstorbenen Weisen oder einem anderen wissenden Wesen aus einer anderen Ebene auf. Der Kontakt zu dieser jenseitigen Intelligenz kann deinen Verstand zerstören. Wenn du diesen Zauber wirkst, führe einenDC 15Intelligenz-Rettungswurf durch. Bei einem erfolgreichen Rettungswurf kannst du dem Wesen bis zu fünf Fragen stellen. Du musst deine Fragen stellen, bevor der Zauber endet. Der Spielleiter beantwortet jede Frage mit einem Wort, wie zum Beispiel „Ja"", „Nein"", „Vielleicht"", „Niemals"", „Irrelevant"" oder „Unklar"" (falls das Wesen die Antwort auf die Frage nicht kennt). Wenn eine einwortige Antwort irreführend wäre, kann der Spielleiter stattdessen einen kurzen Satz als Antwort geben.<br><br>Bei einem misslungenen Rettungswurf erleidest du6d6 psychischen Schaden und bist handlungsunfähig, bis du eine lange Ruhepause beendet hast. Ein auf dich gewirkter Zauber „Große Wiederherstellung"" beendet diesen Effekt.";Hexenmeister, Magier;
5;Ansteckung;Level 5 Nekromantie;1 Aktion;Berührung;;7 Tage;"Deine Berührung löst eine magische Ansteckung aus. Das Ziel muss einen CON-Rettungswurf bestehen, andernfalls erleidet es11d8nekrotischen Schaden und erhält den Zustand „Vergiftet"". Wähle außerdem beim Wirken des Zaubers eine Eigenschaft aus. Solange das Ziel „Vergiftet"" ist, hat es Nachteil bei Rettungswürfen, die mit der ausgewählten Eigenschaft ausgeführt werden.<br><br>Das Ziel muss am Ende jedes seiner Züge den Rettungswurf wiederholen, bis es drei Erfolge oder drei Fehlschläge erzielt. Wenn das Ziel drei dieser Rettungswürfe besteht, endet der Zauber für das Ziel. Wenn das Ziel drei der Rettungswürfe nicht besteht, hält der Zauber 7 Tage lang an.<br><br>Wenn das vergiftete Ziel einen Effekt erhält, der den Zustand „Vergiftet"" beenden würde, muss es einen CON-Rettungswurf bestehen, sonst endet der Zustand „Vergiftet"" nicht.";Kleriker, Druide;
5;Entstehung;Level 5 Illusionsmagie;1 min;9 m;V, G, M;Spezial;(ein Pinsel) Du ziehst Stränge aus Schattenmaterie aus dem Schattenreich, um einen Gegenstand innerhalb der Reichweite zu erschaffen. Dabei handelt es sich entweder um einen Gegenstand aus pflanzlichem Material (Textilien, Seile, Holz und dergleichen) oder aus mineralischem Material (Stein, Kristall, Metall und dergleichen). Der Gegenstand darf nicht größer als ein5-footWürfel sein und muss eine Form und ein Material aufweisen, die du bereits gesehen hast.<br><br>Die Wirkungsdauer des Zaubers hängt vom Material des Objekts ab, wie in der Materialtabelle angegeben. Besteht das Objekt aus mehreren Materialien, gilt die kürzeste Wirkungsdauer. Wird ein durch diesen Zauber erzeugtes Objekt als Materialkomponente für einen anderen Zauber verwendet, schlägt dieser fehl.<br><br>Material Dauer Pflanzliche Stoffe 24 Stunden Stein oder Kristall 12 Stunden Edelmetalle 1 Stunde Edelsteine 10 Minuten Adamantin oder Mithral 1 min<br><br><b>Auf höheren Level gewirkt:</b>Der Würfelwert erhöht sich um5 feet für jede Zauberslot-Stufe über 5.;Artificer, Zauberer, Magier;
5;Zerstörerische Welle;Level 5 Hervorrufung;1 Aktion;Selbst;V;Unmittelbar;"Zerstörerische Energie breitet sich in einer30-foot Ausstrahlung von dir aus. Jedes Wesen, das du in dieser Ausstrahlung auswählst, muss einen Konstitutionsrettungswurf durchführen. Bei einem misslungenen Rettungswurf erleidet das Ziel5d6 Blitzschaden sowie5d6 Strahlungs- oder Nekrotikschaden (nach deiner Wahl) und erhält den Zustand „am Boden"". Bei einem erfolgreichen Rettungswurf erleidet das Ziel nur die Hälfte des Schadens.";Paladin;
5;Das Böse und das Gute vertreiben;Level 5 Bannmagie;1 Aktion;Selbst;V, G, M;Konzentration, bis zu 1 min;"(Silber- und Eisenpulver) Während der Wirkungsdauer haben Himmlische, Elementare, Feen, Dämonen und Untote einen Nachteil bei Angriffswürfen gegen dich. Du kannst den Zauber vorzeitig beenden, indem du eine der folgenden Sonderfunktionen nutzt.<br><br>Verzauberung aufheben. Als magische Aktion berührst du eine Kreatur, die von einer oder mehreren Kreaturen der oben genannten Arten besessen ist oder den Zustand „Verzaubert"" oder „Verängstigt"" aufweist. Das Ziel ist nun nicht mehr von solchen Kreaturen besessen, verzaubert oder verängstigt.<br><br>Vertrieb. Als magische Aktion wählst du eine Kreatur als Ziel, die du in5 feetdeiner Nähe sehen kannst und die einen der oben genannten Kreaturentypen besitzt. Das Ziel muss einen CHA-Rettungswurf bestehen oder wird in seine Heimatwelt zurückgeschickt, sofern es sich nicht bereits dort befindet. Befinden sich Untote nicht in ihrer Heimatwelt, werden sie in die Schattenwelt geschickt, und Feen werden in die Feenwelt geschickt.";Kleriker, Paladin;
5;Person beherrschen;Level 5 Verzauberung;1 Aktion;18 m;V, G;Konzentration, bis zu 1 min;"Ein Humanoid, den du in Reichweite siehst, muss einen WIS-Rettungswurf bestehen oder erhält für die Dauer des Zaubers den Zustand „Verzaubert"". Das Ziel erhält Vorteil bei diesem Rettungswurf, wenn du oder deine Verbündeten gegen es kämpfen. Immer wenn das Ziel Schaden erleidet, wiederholt es den Rettungswurf; bei Erfolg endet der Zauber für das Ziel.<br><br>Solange ihr euch auf derselben Existenzebene befindet, besteht zwischen dir und dem verzauberten Ziel eine telepathische Verbindung. In deinem Zug kannst du diese Verbindung nutzen, um dem Ziel Befehle zu erteilen (keine Aktion erforderlich), wie zum Beispiel „Greife diese Kreatur an"", „Beweg dich dorthin"" oder „Hol diesen Gegenstand"". Das Ziel tut sein Bestes, um in seinem Zug zu gehorchen. Wenn es einen Befehl ausgeführt hat und keine weiteren Anweisungen von dir erhält, handelt und bewegt es sich nach eigenem Ermessen und konzentriert sich darauf, sich selbst zu schützen.<br><br>Du kannst dem Ziel befehlen, eine Reaktion auszuführen, musst dafür aber selbst eine Reaktion ausführen.<br><br><b>Auf höheren Level gewirkt:</b>Deine Konzentration kann mit einem Zauberslot der Stufe 6 (bis zu 10 Minuten), 7 (bis zu 1 Stunde) oder 8+ (bis zu 8 Stunden) länger anhalten.";Barde, Zauberer, Magier;
5;Traum;Level 5 Illusionsmagie;1 min;Spezial;V, G, M;8 h;"(eine Handvoll Sand) Du wählst eine dir bekannte Kreatur auf derselben Existenzebene als Ziel. Du oder eine willige Kreatur, die du berührst, versetzt sich in einen Trancezustand, um als Traumbote zu fungieren. Während der Trance ist der Bote handlungsunfähig und hat eine Bewegungsgeschwindigkeit von 0.<br><br>Schläft das Ziel, erscheint der Bote in dessen Träumen und kann sich mit dem Ziel unterhalten, solange dieses schläft - und zwar während der gesamten Wirkungsdauer des Zaubers. Der Bote kann zudem die Umgebung des Traums gestalten und Landschaften, Gegenstände und andere Bilder erschaffen. Der Bote kann die Trance jederzeit verlassen und den Zauber damit beenden. Das Ziel erinnert sich nach dem Erwachen genau an den Traum.<br><br>Ist das Ziel beim Wirken des Zaubers wach, weiß der Bote dies und kann entweder die Trance (und den Zauber) beenden oder warten, bis das Ziel einschläft; dann dringt der Bote in dessen Träume ein.<br><br>Du kannst den Boten für das Ziel furchterregend machen. In diesem Fall kann der Bote eine Nachricht von höchstens zehn Wörtern überbringen, woraufhin das Ziel einen WIS-Rettungswurf ausführt. Bei einem misslungenen Rettungswurf profitiert das Ziel nicht von seiner Ruhepause und erleidet beim 3d6Aufwachen psychischen Schaden.";Barde, Hexenmeister, Magier;
5;Flammenhieb;Level 5 Hervorrufung;1 Aktion;18 m;V, G, M;Unmittelbar;"(eine Prise Schwefel) Eine senkrechte Säule aus gleißendem Feuer stürzt von oben herab. Jedes Wesen in einem Zylinder mit 10-footeinem Radius von und 40-footeiner Höhe von, dessen Mittelpunkt an einem Punkt innerhalb der Reichweite liegt, muss einen DEX-Rettungswurf durchführen; bei einem misslungenen Rettungswurf erleidet es5d6 Feuerschaden und5d6 Strahlungsschaden, bei einem erfolgreichen Rettungswurf die Hälfte dieses Schadens.<br><br><b>Auf höheren Level gewirkt:</b>Der Feuerschaden und der Strahlungsschaden erhöhen sich um1d6 pro Zauberslot-Stufe über 5.";Kleriker;
5;Geas;Level 5 Verzauberung;1 min;18 m;V;30 Tage;"Du gibst einer Kreatur, die du innerhalb der Reichweite sehen kannst, einen mündlichen Befehl und weist sie an, eine bestimmte Aufgabe zu erfüllen oder von einer Handlung oder einer bestimmten Vorgehensweise abzusehen, ganz nach deinem Ermessen. Das Ziel muss einen WIS-Rettungswurf bestehen oder erhält für die Dauer den Zustand „Verzaubert"". Das Ziel besteht den Rettungswurf automatisch, wenn es deinen Befehl nicht verstehen kann.<br><br>Solange die Kreatur unter dem Zauber steht, erleidet sie5d10psychischen Schaden, wenn sie sich in einer Weise verhält, die deinem Befehl direkt zuwiderläuft. Sie erleidet diesen Schaden höchstens einmal pro Tag.<br><br>Du kannst jeden beliebigen Befehl erteilen, sofern dieser nicht zu einem sicheren Tod führt. Solltest du einen selbstmörderischen Befehl erteilen, endet der Zauber.<br><br>Ein Zauber wie „Fluch aufheben"", „Große Heilung"" oder „Wunsch"" beendet diesen Zauber.<br><br><b>Auf höheren Level gewirkt:</b>Wenn du einen Zauberslot der Stufe 7 oder 8 verwendest, beträgt die Wirkungsdauer 365 Tage. Wenn du einen Zauberslot der Stufe 9 verwendest, hält der Zauber so lange an, bis er durch einen der oben genannten Zauber beendet wird.";Barde, Kleriker, Druide, Paladin, Magier;
5;Umfassende Restaurierung;Level 5 Bannmagie;1 Aktion;Berührung;V, G, M;Unmittelbar;"(Diamantstaub im Wert von über 100 GP, den der Zauber verbraucht) Du berührst eine Kreatur und hebst auf magische Weise einen der folgenden Effekte von ihr auf:<br><br>1 Erschöpfungsstufe Der Zustand „Verzaubert"" oder „Versteinert"" Ein Fluch, einschließlich der Einstimmung des Ziels auf einen verfluchten magischen Gegenstand Jede Verringerung eines der Fähigkeitswerte des Ziels Jede Verringerung der maximalen TP des Ziels";Artificer, Barde, Kleriker, Druide, Paladin, Waldläufer;
5;Allerheiligen;Level 5 Bannmagie;24 Stunden;Berührung;V, G, M;Bis Zauber gebannt wird;"(Weihrauch im Wert von über 1.000 GP, den der Zauber verbraucht) Du berührst einen Punkt und erfüllst einen Bereich um diesen herum mit heiliger oder unheiliger Kraft. Der Bereich kann einen Radius von bis 60 feetzu haben, und der Zauber schlägt fehl, wenn der Radius einen Bereich umfasst, der bereits unter dem Einfluss von „Hallow"" steht. Der betroffene Bereich hat die folgenden Auswirkungen.<br><br>Geheiligte Zone. Wähle einen der folgenden Kreaturentypen aus: Aberration, Himmlisches Wesen, Elementar, Feenwesen, Dämon oder Untoter. Kreaturen der gewählten Typen können den Bereich nicht freiwillig betreten, und jede Kreatur, die von solchen Kreaturen besessen ist oder den Zustand „Verzaubert"" oder „Verängstigt"" durch sie hat, gilt in diesem Bereich nicht als besessen, verzaubert oder verängstigt.<br><br>Zusatzeffekt. Du wählst einen Zusatzeffekt aus der folgenden Liste aus und wendest ihn auf den Bereich an:<br><br>Mut. Kreaturen jeglicher Art, die du wählst, können in diesem Bereich nicht den Zustand „Verängstigt"" erhalten.<br><br>Dunkelheit. Dunkelheit erfüllt den Bereich. Weder normales Licht noch magisches Licht, das durch Zauber einer niedrigeren Stufe als dieser Zauber erzeugt wird, kann den Bereich erhellen.<br><br>Tageslicht. Helles Licht erfüllt den Raum. Magische Dunkelheit, die durch Zauber einer niedrigeren Stufe als dieser Zauber erzeugt wurde, kann das Licht nicht auslöschen.<br><br>Fridvolle Ruhe. Leichen, die in diesem Gebiet beigesetzt wurden, können nicht in Untote verwandelt werden.<br><br>Interdimensionale Störung. Kreaturen beliebiger Art können diesen Bereich weder durch Teleportation noch durch interplanaren Reisen betreten oder verlassen.<br><br>Angst. Alle Kreaturen deiner Wahl befinden sich in diesem Bereich im Zustand „Verängstigt"".<br><br>Widerstand. Kreaturen beliebiger Art, die du auswählst, besitzen in diesem Bereich Widerstand gegen eine Schadensart deiner Wahl.<br><br>Stille. Aus diesem Bereich kann kein Ton nach außen dringen, und kein Ton kann in ihn hinein gelangen.<br><br>Sprachen. Kreaturen jeder Art, die du wählst, können mit jeder anderen Kreatur in der Umgebung kommunizieren, auch wenn sie keine gemeinsame Sprache sprechen.<br><br>Verwundbarkeit. Kreaturen jeder Art, die du wählst, sind in diesem Bereich gegenüber einer Schadensart deiner Wahl verwundbar.";Kleriker;
5;Halte das Monster fest;Level 5 Verzauberung;1 Aktion;27 m;V, G, M;Konzentration, bis zu 1 min;"(ein gerades Stück Eisen) Wähle ein Wesen, das du in Reichweite sehen kannst. Das Ziel muss einen WIS-Rettungswurf bestehen oder erhält für die Dauer des Zaubers den Zustand „Gelähmt"". Am Ende jedes seiner Züge wiederholt das Ziel den Rettungswurf; bei Erfolg wird der Zauber auf sich selbst beendet.<br><br><b>Auf höheren Level gewirkt:</b>Du kannst für jede Stufe des Zauberslots über 5 hinaus eine weitere Kreatur als Ziel wählen.";Barde, Zauberer, Hexenmeister, Magier;
5;Insektenplage;Level 5 Beschwörung;1 Aktion;90 m;V, G, M;Konzentration, bis zu 10 min;"(eine Heuschrecke) Schwärmende Heuschrecken füllen eine Kugel mit dem20-foot Radius S, deren Mittelpunkt ein von dir gewählter Punkt innerhalb der Reichweite ist. Die Kugel bleibt für die gesamte Dauer bestehen, und ihr Bereich gilt als leicht verdecktes und schwieriges Gelände.<br><br>Wenn der Schwarm erscheint, muss jede Kreatur darin einen Konstitutionsrettungswurf durchführen; bei einem misslungenen Rettungswurf erleidet sie4d10durchdringenden Schaden, bei einem erfolgreichen Rettungswurf nur die Hälfte dieses Schadens. Eine Kreatur muss diesen Rettungswurf auch durchführen, wenn sie in einem Zug zum ersten Mal den Wirkungsbereich des Zaubers betritt oder ihren Zug dort beendet. Eine Kreatur darf diesen Rettungswurf nur einmal pro Zug durchführen.<br><br><b>Auf höheren Level gewirkt:</b>Der Schaden erhöht sich um1d10 pro Zauberslot-Stufe über 5.";Kleriker, Druide, Zauberer;
5;Jallarzis Strahlungssturm;Level 5 Hervorrufung;1 Aktion;36 m;V, G, M;Konzentration, bis zu 1 min;"(eine Prise Phosphor) Du entfesselst einen Sturm aus grellem Licht und tosendem Donner in einem Zylinder mit einem10-foot Radius von - 40-footund einer Höhe von -, dessen Mittelpunkt ein Punkt ist, den du innerhalb der Reichweite sehen kannst. Solange sie sich in diesem Bereich befinden, leiden Kreaturen unter den Zuständen „Geblendet"" und „Betäubt"" und können keine Zauber mit verbaler Komponente wirken.<br><br>Wenn der Sturm erscheint, muss jede Kreatur darin einen Konstitutionsrettungswurf durchführen; bei einem misslungenen Rettungswurf erleidet sie2d10 Strahlungsschaden und2d10 Donnerschaden, bei einem erfolgreichen Rettungswurf nur die Hälfte dieses Schadens. Eine Kreatur muss diesen Rettungswurf auch durchführen, wenn sie in einem Zug zum ersten Mal den Wirkungsbereich des Zaubers betritt oder ihren Zug dort beendet. Eine Kreatur darf diesen Rettungswurf nur einmal pro Zug durchführen.<br><br><b>Auf höheren Level gewirkt:</b>Der Schaden durch „Strahlend"" und „Donner"" erhöht sich um1d10 pro Zauberslot-Stufe über 5.";Hexenmeister, Magier;
5;Legenden und Überlieferungen;Level 5 Erkenntnismagie;10 min;Selbst;V, G, M;Unmittelbar;(Weihrauch im Wert von mindestens 250 GP, den der Zauber verbraucht, sowie vier Elfenbeinstreifen im Wert von jeweils mindestens 50 GP) Nenne oder beschreibe eine berühmte Person, einen Ort oder einen Gegenstand. Der Zauber ruft dir eine kurze Zusammenfassung der wichtigsten Hintergrundinformationen zu dieser berühmten Sache ins Gedächtnis, wie sie vom Spielleiter beschrieben wurden.<br><br>Die Hintergrundgeschichte kann wichtige Details, amüsante Enthüllungen oder sogar geheime Informationen enthalten, die bisher kaum bekannt waren. Je mehr du bereits über die Sache weißt, desto präziser und detaillierter sind die Informationen, die du erhältst. Diese Informationen sind korrekt, können jedoch - je nach Entscheidung des Spielleiters - in bildlicher Sprache oder in Form von Gedichten verfasst sein.<br><br>Wenn das berühmte Ding, das du ausgewählt hast, gar nicht berühmt ist, hörst du traurige Töne, die auf einer Posaune gespielt werden, und der Zauber schlägt fehl.;Barde, Kleriker, Magier;
5;Massage heilt Wunden;Level 5 Bannmagie;1 Aktion;18 m;V, G;Unmittelbar;Eine Welle heilender Energie breitet sich von einem Punkt aus, den du in Reichweite sehen kannst. Wähle bis zu sechs Wesen in einer Kugel mit einem30-foot Radius von, deren Mittelpunkt dieser Punkt ist. Jedes Ziel erhält Lebenspunkte in Höhe von5d8 plus deinem Modifikator für die Zauberfertigkeit zurück.<br><br><b>Auf höheren Level gewirkt:</b>Die Heilung erhöht sich um1d8 pro Zauberslot-Stufe über 5.;Barde, Kleriker, Druide;
5;Irreführen;Level 5 Illusionsmagie;1 Aktion;Selbst;G;Konzentration, bis zu 1 h;"Du erhältst den Zustand „Unsichtbar"", während gleichzeitig ein illusorisches Doppelgänger von dir an der Stelle erscheint, an der du stehst. Der Doppelgänger bleibt für die gesamte Dauer bestehen, doch die Unsichtbarkeit endet Unmittelbar, sobald du einen Angriffswurf ausführst, Schaden verursachst oder einen Zauber wirkst.<br><br>Als Magie-Aktion kannst du das illusorische Doppelbild um bis zu das Doppelte deiner Geschwindigkeit bewegen und es nach Belieben gestikulieren, sprechen und sich verhalten lassen. Es ist immateriell und unverwundbar.<br><br>Man kann durch seine Augen sehen und durch seine Ohren hören, als befände man sich an derselben Stelle wie es.";Barde, Hexenmeister, Magier;
5;Speicher ändern;Level 5 Verzauberung;1 Aktion;9 m;V, G;Konzentration, bis zu 1 min;"Du versuchst, die Erinnerungen einer anderen Kreatur zu verändern. Eine Kreatur, die du innerhalb der Reichweite sehen kannst, führt einen WIS-Rettungswurf durch. Wenn du gegen die Kreatur kämpfst, hat sie Vorteil bei diesem Rettungswurf. Bei einem misslungenen Rettungswurf erhält das Ziel für die Dauer den Zustand „Verzaubert"". Während es auf diese Weise verzaubert ist, hat das Ziel außerdem den Zustand „Handlungsunfähig"" und nimmt seine Umgebung nicht wahr, kann dich jedoch hören. Wenn es Schaden erleidet oder von einem anderen Zauber getroffen wird, endet dieser Zauber, und es werden keine Erinnerungen verändert.<br><br>Solange dieser Zauber wirkt, kannst du die Erinnerung des Ziels an ein Ereignis beeinflussen, das es innerhalb der letzten 24 Stunden erlebt hat und das nicht länger als 10 Minuten gedauert hat. Du kannst die Erinnerung an das Ereignis vollständig auslöschen, dem Ziel ermöglichen, sich mit vollkommener Klarheit an das Ereignis zu erinnern, seine Erinnerung an die Einzelheiten des Ereignisses verändern oder eine Erinnerung an ein anderes Ereignis erzeugen.<br><br>Du musst mit dem Ziel sprechen, um zu beschreiben, wie seine Erinnerungen beeinflusst werden, und es muss deine Sprache verstehen können, damit die veränderten Erinnerungen Fuß fassen können. Sein Verstand füllt etwaige Lücken in den Details deiner Beschreibung. Endet der Zauber, bevor du die Beschreibung der veränderten Erinnerungen beendet hast, wird das Gedächtnis der Kreatur nicht verändert. Andernfalls setzen die veränderten Erinnerungen ein, sobald der Zauber endet.<br><br>Eine veränderte Erinnerung wirkt sich nicht unbedingt auf das Verhalten einer Kreatur aus, insbesondere wenn die Erinnerung im Widerspruch zu ihren natürlichen Neigungen, ihrer Gesinnung oder ihren Überzeugungen steht. Eine unlogische veränderte Erinnerung, wie etwa die falsche Erinnerung daran, wie sehr die Kreatur das Schwimmen in Säure genossen hat, wird als böser Traum abgetan. Der Spielleiter könnte eine veränderte Erinnerung als zu unsinnig erachten, um eine Kreatur zu beeinflussen.<br><br>Ein auf das Ziel gewirkter Zauber „Fluchaufhebung"" oder „Große Wiederherstellung"" stellt die wahren Erinnerungen der Kreatur wieder her.<br><br><b>Auf höheren Level gewirkt:</b>Du kannst die Erinnerungen des Ziels an ein Ereignis verändern, das bis zu 7 Tage (Zauberplatz der Stufe 6), 30 Tage (Zauberplatz der Stufe 7), 365 Tage (Zauberplatz der Stufe 8) oder zu einem beliebigen Zeitpunkt in der Vergangenheit der Kreatur (Zauberplatz der Stufe 9) stattgefunden hat.";Barde, Magier;
5;Passwall;Level 5 Verwandlungsmagie;1 Aktion;9 m;V, G, M;1 h;(eine Prise Sesam) An einer Stelle, die du auf einer Oberfläche aus Holz, Gips oder Stein (z. B. einer Wand, Decke oder einem Boden) in Reichweite erkennen kannst, erscheint ein Durchgang, der für die gesamte Dauer des Zaubers bestehen bleibt. Du bestimmst die Abmessungen der Öffnung: bis zu5 feet Breite,2,4 m Höhe und20 feet Tiefe. Der Durchgang verursacht keine Instabilität in der ihn umgebenden Struktur.<br><br>Wenn sich die Öffnung schließt, werden alle Kreaturen oder Gegenstände, die sich noch in dem durch den Zauber erzeugten Durchgang befinden, sicher an einen freien Platz befördert, der der Oberfläche, auf der du den Zauber gewirkt hast, am nächsten liegt.;Magier;
5;Flachbindung;Level 5 Bannmagie;1 h;18 m;V, G, M;24 h;"(ein Juwel im Wert von mindestens 1.000 Goldstücken, das der Zauber verbraucht) Du versuchst, einen Himmlischen, ein Elementarwesen, ein Feenwesen oder einen Dämon in deinen Dienst zu binden. Die Kreatur muss sich während der gesamten Dauer der Zauberausführung in Reichweite befinden. (In der Regel wird die Kreatur zunächst in die Mitte der umgekehrten Version des Zaubers „Magischer Kreis"" beschworen, um sie dort festzuhalten, während dieser Zauber gewirkt wird.) Nach Abschluss des Zaubervorgangs muss das Ziel einen CHA-Rettungswurf bestehen oder ist für die Dauer des Zaubers an deinen Dienst gebunden. Wurde die Kreatur durch einen anderen Zauber beschworen oder erschaffen, verlängert sich die Dauer dieses Zaubers entsprechend der Dauer des vorliegenden Zaubers.<br><br>Eine gebundene Kreatur muss deinen Befehlen nach besten Kräften Folge leisten. Du kannst der Kreatur befehlen, dich auf einem Abenteuer zu begleiten, einen Ort zu bewachen oder eine Nachricht zu überbringen. Ist die Kreatur feindselig, versucht sie, deine Befehle zu ihren eigenen Zwecken zu verdrehen. Führt die Kreatur deine Befehle vollständig aus, bevor der Zauber endet, begibt sie sich zu dir, um dir dies zu berichten, sofern du dich auf derselben Existenzebene befindest. Befindest du dich auf einer anderen Ebene, kehrt sie an den Ort zurück, an dem du sie gebunden hast, und verbleibt dort, bis der Zauber endet.<br><br><b>Auf höheren Level gewirkt:</b>Die Wirkungsdauer verlängert sich bei einem Zauberslot der Stufe 6 (10 Tage), 7 (30 Tage), 8 (180 Tage) und 9 (366 Tage).";Barde, Kleriker, Druide, Hexenmeister, Magier;
5;Tote auferwecken;Level 5 Nekromantie;1 h;Berührung;V, G, M;Unmittelbar;(ein Diamant im Wert von mindestens 500 Goldstücken, den der Zauber verbraucht) Durch eine Berührung erweckst du eine tote Kreatur wieder zum Leben, sofern sie nicht länger als 10 Tage tot ist und zum Zeitpunkt ihres Todes kein Untoter war.<br><br>Die Kreatur erwacht mit 1 Lebenspunkt wieder zum Leben. Dieser Zauber neutralisiert zudem alle Gifte, von denen die Kreatur zum Zeitpunkt ihres Todes betroffen war.<br><br>Dieser Zauber heilt alle tödlichen Verwundungen, stellt jedoch fehlende Körperteile nicht wieder her. Fehlen der Kreatur Körperteile oder Organe, die für ihr Überleben unerlässlich sind - beispielsweise ihr Kopf -, schlägt der Zauber automatisch fehl.<br><br>Die Rückkehr aus dem Tod ist eine Tortur. Das Ziel erhält einen Malus von -4 aufD20Proben. Jedes Mal, wenn das Ziel eine lange Ruhepause beendet, verringert sich der Malus um 1, bis er 0 beträgt.;Barde, Kleriker, Paladin;
5;Rarys telepathische Verbindung;Level 5 Erkenntnismagie;1 Aktion or Ritual;9 m;V, G, M;1 h;(zwei Eier) Du stellst eine telepathische Verbindung zwischen bis zu acht willigen Wesen deiner Wahl innerhalb der Reichweite her und verbindest jedes Wesen für die Dauer des Zaubers psychisch mit allen anderen. Wesen, die in keiner Sprache kommunizieren können, sind von diesem Zauber nicht betroffen.<br><br>Solange der Zauber wirkt, können die Zielpersonen über diese Verbindung telepathisch miteinander kommunizieren, unabhängig davon, ob sie dieselbe Sprache sprechen oder nicht. Die Kommunikation ist über jede Entfernung hinweg möglich, erstreckt sich jedoch nicht auf andere Ebenen der Existenz.;Barde, Magier;
5;Wiedergeburt;Level 5 Nekromantie;1 h;Berührung;V, G, M;Unmittelbar;(seltene Öle im Wert von über 1.000 GP, die der Zauber verbraucht) Du berührst einen toten Humanoiden oder einen Teil davon. Wenn die Kreatur seit höchstens 10 Tagen tot ist, formt der Zauber einen neuen Körper für sie und ruft die Seele herbei, damit sie in diesen Körper eintritt. Wirf1d10den Würfel und schau in der Tabelle unten nach, um die Spezies des Körpers zu bestimmen, oder der Spielleiter wählt eine andere spielbare Spezies aus.<br><br>1W10 Rasse 1 Aasimar 2 Drachengeburt 3 Zwerg 4 Elf 5 Gnom 6 Goliath 7 Halbling 8 Mensch 9 Ork 10 Tiefling<br><br>Die wiedergeborene Kreatur trifft alle Entscheidungen, die in der Beschreibung der Spezies vorgesehen sind, und erinnert sich an ihr früheres Leben. Sie behält die Fähigkeiten bei, die sie in ihrer ursprünglichen Gestalt hatte, verliert jedoch die Eigenschaften ihrer früheren Spezies und erhält die Eigenschaften ihrer neuen.;Druide;
5;Wahrsagen;Level 5 Erkenntnismagie;10 min;Selbst;V, G, M;Konzentration, bis zu 10 min;(ein Fokus im Wert von 1.000+ GP, wie beispielsweise eine Kristallkugel, ein Spiegel oder ein mit Wasser gefülltes Becken) Du kannst eine Kreatur deiner Wahl sehen und hören, die sich auf derselben Existenzebene wie du befindet. Das Ziel führt einen WIS-Rettungswurf durch, der (siehe die Tabellen unten) davon beeinflusst wird, wie gut du das Ziel kennst und welche Art von physischer Verbindung du zu ihm hast. Das Ziel weiß nicht, wogegen es den Rettungswurf macht, sondern nur, dass es sich unwohl fühlt.<br><br>Deine Kenntnisse über das Ziel sind... Modifikator für Rettungswurf Aus zweiter Hand (hast vom Ziel gehört) +5 Aus erster Hand (hast das Ziel getroffen) +0 Umfassend (kennst das Ziel gut) -5<br><br>Du hast ein Bild oder ein anderes Abbild des Ziels ... -2 Kleidungsstück oder anderer Besitz -4 Körperteil, Haarsträhne oder Fingernagelstück -10<br><br>Bei einem erfolgreichen Rettungswurf bleibt das Ziel unbeeinträchtigt, und du kannst diesen Zauber 24 Stunden lang nicht erneut auf es anwenden.<br><br>Bei einem missglückten Rettungswurf erzeugt der Zauber einen unsichtbaren, nicht greifbaren Sensor im Umkreis10 feetvon vom Ziel. Du kannst durch den Sensor sehen und hören, als wärst du selbst dort. Der Sensor bewegt sich mit dem Ziel mit und bleibt während der gesamten Wirkungsdauer im Umkreis10 feetvon vom Ziel. Wenn jemand den Sensor sehen kann, erscheint er als leuchtende Kugel von etwa der Größe deiner Faust.<br><br>Anstatt eine Kreatur als Ziel zu wählen, kannst du einen Ort wählen, den du gesehen hast. Wenn du dies tust, erscheint der Sensor an diesem Ort und bewegt sich nicht.;Barde, Kleriker, Druide, Hexenmeister, Magier;
5;Scheinbar;Level 5 Illusionsmagie;1 Aktion;9 m;V, G;8 h;"Du verleihst jedem Lebewesen deiner Wahl, das du innerhalb der Reichweite sehen kannst, eine trügerische Erscheinung. Ein widerwilliges Ziel kann einen CHA-Rettungswurf durchführen; bei Erfolg bleibt es von diesem Zauber unberührt.<br><br>Du kannst den Zielen das gleiche oder unterschiedliche Aussehen verleihen. Der Zauber kann das Aussehen der Körper und der Ausrüstung der Ziele verändern. Du kannst jede Kreatur kleiner oder größer1 foot erscheinen lassen und sie schwerer oder leichter wirken lassen. Das neue Aussehen eines Ziels muss die gleiche grundlegende Anordnung der Gliedmaßen aufweisen wie das Ziel selbst, doch der Umfang der Illusion liegt ansonsten in deinem Ermessen. Der Zauber hält so lange an, wie er wirkt.<br><br>Die durch diesen Zauber hervorgerufenen Veränderungen halten einer genauen Betrachtung nicht stand. Wenn du diesen Zauber beispielsweise einsetzt, um einer Kreatur einen Hut aufzusetzen, gehen Gegenstände durch den Hut hindurch.<br><br>Ein Wesen, das die Aktion „Untersuchen"" ausführt, um ein Ziel zu untersuchen, kann einen Intelligenz-Probe (Untersuchen) gegen deine Zauber-Rettungswurf-Schwierigkeitsklasse durchführen. Ist die Probe erfolgreich, erkennt es, dass das Ziel getarnt ist.";Barde, Zauberer, Magier;
5;Stahlwindschlag;Level 5 Beschwörung;1 Aktion;9 m;G, M;Unmittelbar;(eine Nahkampfwaffe im Wert von 1+ SP) Du führst eine schwungvolle Bewegung mit der beim Zaubern verwendeten Waffe aus und verschwindest dann, um blitzschnell zuzuschlagen. Wähle bis zu fünf Kreaturen aus, die du in Reichweite sehen kannst. Führe gegen jedes Ziel einen Nahkampf-Zauberangriff aus. Bei einem Treffer erleidet das Ziel6d10 Kraftschaden.<br><br>Du teleportierst dich dann zu einem freien Platz, den du in5 feetSichtweite eines der Ziele sehen kannst.;Waldläufer, Magier;
5;Himmlischen beschwören;Level 5 Beschwörung;1 Aktion;27 m;V, G, M;Konzentration, bis zu 1 h;"(ein Reliquiar im Wert von über 500 Goldstücken) Du rufst einen himmlischen Geist herbei. Er erscheint in einer engelhaften Gestalt an einem freien Ort, den du innerhalb der Reichweite sehen kannst, und verwendet den Statusblock „Himmlischer Geist"". Wenn du den Zauber wirkst, wähle zwischen „Rächer"" und „Verteidiger"". Deine Wahl bestimmt bestimmte Details in seinem Statusblock. Die Kreatur verschwindet, wenn ihre TP auf 0 sinken oder wenn der Zauber endet.<br><br>Die Kreatur ist ein Verbündeter von dir und deinen Verbündeten. Im Kampf teilt sich die Kreatur deine Initiative, ist jedoch unmittelbar nach dir an der Reihe. Sie befolgt deine verbalen Befehle (ohne dass du dafür eine Aktion aufwenden musst). Wenn du keine Befehle erteilst, führt sie die Aktion „Ausweichen"" aus und nutzt ihre Bewegung, um Gefahren auszuweichen.<br><br><b>Auf höheren Level gewirkt:</b>Verwende die Stufe des Zauberslots als Stufe des Zaubers im Charakterblatt.<br><br>Himmlischer Geist Großer Himmlischer Geist, Neutral Rüstungsklasse: 11 + Zauberstufe + 2 (nur Verteidiger) TP: 40 + 10 für jede Zauberstufe über 5 Geschwindigkeit: 9 m., Fliegen 12 m. STÄR (Mod / Rett) GES (Mod / Rett) KON (Mod / Rett) INT (Mod / Rett) WEIS (Mod / Rett.) CHA (Mod / Rett.) 16 (+3 / +3) 14 (+2 / +2) 16 (+3 / +3) 10 (+0 / +0) 14 (+2 / +2) 16 (+3 / +3) Resistenzen: Strahlend Immunitäten: Verzaubert, Verängstigt Sinne: Dunkelheitssicht 18 m., Passive Wahrnehmung 12 Sprachen: Himmlisch, versteht die Sprachen, die du kennst Herausforderungsgrad: Keiner (XP 0; PB entspricht deinem Fertigkeitsbonus) Aktionen Mehrfachangriff. Der Geist führt eine Anzahl von Angriffen durch, die der Hälfte der Stufe dieses Zaubers entspricht (abgerundet). Strahlungsbogen (nur für Rächer). Fernkampfangriffswurf: Der Bonus entspricht deinem Zauberangriffsmodifikator, Reichweite 180 m. Treffer:2W6 + 2 + die Stufe des Zaubers Strahlungsschaden. Strahlende Keule (nur für Verteidiger). Nahkampfangriffswurf: Der Bonus entspricht deinem Zauberangriffsmodifikator, Reichweite 1,5 m. Treffer:1W10 + 3 + die Stufe des Zaubers Strahlenschaden, und der Geist kann sich selbst oder eine andere Kreatur wählen, die er innerhalb10 feetvon des Ziels sehen kann. Die gewählte Kreatur erhält1d10 temporäre TP. Heilende Berührung (1 / Tag). Der Geist berührt eine andere Kreatur. Das Ziel erhält TP in Höhe von2d8 + die Stufe des Zaubers.";Kleriker, Paladin;
5;Drachen beschwören;Level 5 Beschwörung;1 Aktion;18 m;V, G, M;Konzentration, bis zu 1 h;"(ein Gegenstand mit einem eingravierten Drachenbild im Wert von über 500 Goldstücken) Du rufst einen Drachengeist herbei. Er manifestiert sich an einer freien Stelle, die du innerhalb der Reichweite sehen kannst, und verwendet den Charakterbogen „Draconic Spirit"". Die Kreatur verschwindet, sobald ihre TP auf 0 sinken oder der Zauber endet.<br><br>Die Kreatur ist ein Verbündeter von dir und deinen Verbündeten. Im Kampf teilt sich die Kreatur deine Initiative, ist jedoch unmittelbar nach dir an der Reihe. Sie befolgt deine verbalen Befehle (ohne dass du dafür eine Aktion aufwenden musst). Wenn du keine Befehle erteilst, führt sie die Aktion „Ausweichen"" aus und nutzt ihre Bewegung, um Gefahren auszuweichen.<br><br><b>Auf höheren Level gewirkt:</b>Verwende die Stufe des Zauberslots als Stufe des Zaubers im Charakterblatt.<br><br>Drachengeist Großer Drache, neutral Rüstungsklasse: 14 + die Stufe des Zaubers TP: 50 + 10 für jede Zauberstufe über 5 Geschwindigkeit: 9 m., Fliegen 18 m., Schwimmen 9 m. STÄ (Mod / Rett) GES (Mod / Rett) KON (Mod / Rett.) INT (Mod / Rett.) WEIS (Mod / Rett.) CHA (Mod / Rett.) 19 (+4 / +4) 14 (+2 / +2) 17 (+3 / +3) 10 (+0 / +0) 14 (+2 / +2) 14 (+2 / +2) Resistenzen: Säure, Kälte, Feuer, Blitz, Gift Immunitäten: Verzaubert, Verängstigt, Vergiftet Sinne: Blindsicht 9 m., Dunkelheitssicht 18 m., Passive Wahrnehmung 12 Sprachen: Draconisch, versteht die Sprachen, die du kennst Herausforderungsgrad: Keiner (XP 0; PB entspricht deinem Fertigkeitsbonus) Gemeinsame Eigenschaften Resistenzen. Wenn du den Geist beschwörst, wähle eine seiner Resistenzen aus. Du hast Resistenz gegen die gewählte Schadensart, bis der Zauber endet. Aktionen: Mehrfachangriff. Der Geist führt eine Anzahl von Zerreißangriffen durch, die der Hälfte der Zauberstufe entspricht (abgerundet), und er setzt seine Atemwaffe ein. Zerreißen. Nahkampfangriff: Der Bonus entspricht deinem Zauberangriffsmodifikator, Reichweite 3 m. Treffer:1W6 + 4 + Zauberstufe durchdringender Schaden. Atemwaffe. Geschicklichkeitsrettungswurf: SG entspricht deinem Zauberrettungs-DC, jede Kreatur in einem30-foot Kegel. Fehlschlag:2W6 Schaden einer Art, gegen die dieser Geist Resistenz besitzt (deine Wahl beim Wirken des Zaubers). Erfolg: Halber Schaden";Magier;
5;Schneller Köcher;Level 5 Verwandlungsmagie;1 Bonus Aktion;Selbst;V, G, M;Konzentration, bis zu 1 min;(ein Köcher im Wert von 1+ GP) Wenn du den Zauber wirkst und bis zu dessen Ende als Bonus Aktion, kannst du zwei Angriffe mit einer Waffe ausführen, die Pfeile oder Bolzen verschießt, wie beispielsweise ein Langbogen oder eine leichte Armbrust. Der Zauber erzeugt auf magische Weise die für jeden Angriff benötigte Munition. Jeder durch den Zauber erzeugte Pfeil oder Bolzen verursacht Schaden wie ein nichtmagisches Stück Munition seiner Art und löst sich unmittelbar nach dem Treffer oder Fehlschuss auf.;Waldläufer;
5;Synaptische Statik;Level 5 Verzauberung;1 Aktion;36 m;V, G;Unmittelbar;"Du lässt an einem Punkt innerhalb der Reichweite psychische Energie entladen. Jede Kreatur in einer Kugel mit 20-footeinem Radius von S, deren Mittelpunkt dieser Punkt ist, muss einen INT-Rettungswurf durchführen; bei einem misslungenen Rettungswurf erleidet sie8d6psychischen Schaden, bei einem erfolgreichen Rettungswurf nur die Hälfte dieses Schadens.<br><br>Bei einem misslungenen Rettungswurf leidet das Ziel zudem 1 min lang unter verwirrten Gedanken. Während dieser Zeit erhält es einen1d6Malus auf alle seine Angriffswürfe und Fertigkeitsproben sowie auf alle Konstitutions-Rettungswürfe, die zum Aufrechterhalten der Konzentration erforderlich sind. Das Ziel führt am Ende jedes seiner Züge einen INT-Rettungswurf durch; bei Erfolg endet der Effekt für das Ziel.";Barde, Zauberer, Hexenmeister, Magier;
5;Telekinese;Level 5 Verwandlungsmagie;1 Aktion;18 m;V, G;Konzentration, bis zu 10 min;"Du erhältst die Fähigkeit, Kreaturen oder Gegenstände durch Gedankenkraft zu bewegen oder zu manipulieren. Wenn du den Zauber wirkst und in deinen späteren Runden, bevor der Zauber endet, eine magische Aktion ausführst, kannst du deinen Willen auf eine Kreatur oder einen Gegenstand ausüben, die bzw. den du in Reichweite sehen kannst, und so den entsprechenden Effekt (siehe unten) auslösen. Du kannst Runde für Runde dasselbe Ziel beeinflussen oder jederzeit ein neues auswählen. Wenn du das Ziel wechselst, wirkt sich der Zauber nicht mehr auf das vorherige Ziel aus.<br><br>Kreatur. Du kannst versuchen, eine riesige oder kleinere Kreatur zu bewegen. Das Ziel muss einen STR-Rettungswurf bestehen, andernfalls bewegst du es bis zu30 feet in eine beliebige Richtung innerhalb der Reichweite des Zaubers. Bis zum Ende deines nächsten Zuges befindet sich die Kreatur im Zustand „Gefesselt"", und wenn du sie in die Luft hebst, schwebt sie dort. Sie fällt am Ende deines nächsten Zuges herunter, es sei denn, du wendest diese Option erneut auf sie an und sie besteht den Rettungswurf nicht.<br><br>Objekt. Du kannst versuchen, ein riesiges oder kleineres Objekt zu bewegen. Wenn das Objekt nicht getragen oder mitgeführt wird, bewegst du es automatisch bis zu30 feet in jede beliebige Richtung innerhalb der Reichweite des Zaubers.<br><br>Wenn das Objekt von einer Kreatur getragen oder bei sich getragen wird, muss diese Kreatur einen STR-Rettungswurf bestehen; andernfalls ziehst du das Objekt weg und bewegst es bis zu30 feet in eine beliebige Richtung innerhalb der Reichweite des Zaubers.<br><br>Mit deinem telekinetischen Griff kannst du Objekte präzise steuern, beispielsweise ein einfaches Werkzeug bedienen, eine Tür oder einen Behälter öffnen, einen Gegenstand in einen offenen Behälter legen oder daraus entnehmen oder den Inhalt einer Flasche ausgießen.";Zauberer, Magier;
5;Teleportationskreis;Level 5 Beschwörung;1 min;3 m;V, M;1 Runde (6 s);(seltene Tinten im Wert von 50+ GP, die der Zauber verbraucht) Während du den Zauber wirkst, zeichnest du einen Kreis mit einem5-foot Radius von auf den Boden, der mit Siegeln versehen ist, welche deinen Standort mit einem permanenten Teleportationskreis deiner Wahl verbinden, dessen Siegelsequenz du kennst und der sich auf derselben Existenzebene wie du befindet. Ein schimmerndes Portal öffnet sich innerhalb des von dir gezeichneten Kreises und bleibt bis zum Ende deines nächsten Zuges offen. Jede Kreatur, die das Portal betritt, erscheint augenblicklich innerhalb5 feetvon des Zielkreises oder auf dem nächstgelegenen freien Feld, falls dieses Feld besetzt ist.<br><br>Viele große Tempel, Zunfthäuser und andere bedeutende Orte verfügen über permanente Teleportationskreise. Jeder Kreis enthält eine einzigartige Siegelsequenz - eine Reihe von Runen, die in einem bestimmten Muster angeordnet sind.<br><br>Sobald du diesen Zauber zum ersten Mal wirken kannst, lernst du die Siegelsequenzen für zwei Ziele auf der materiellen Ebene, die vom Spielleiter festgelegt werden. Im Laufe deiner Abenteuer kannst du weitere Siegelsequenzen erlernen. Du kannst dir eine neue Siegelsequenz einprägen, nachdem du sie 1 min lang studiert hast.<br><br>Du kannst einen permanenten Teleportationskreis erschaffen, indem du diesen Zauber 365 Tage lang jeden Tag an derselben Stelle wirkst.;Barde, Zauberer, Hexenmeister, Magier;
5;Baumschritt;Level 5 Beschwörung;1 Aktion;Selbst;V, G;Konzentration, bis zu 1 min;Du erhältst die Fähigkeit, einen Baum zu betreten und dich von dessen Innerem in das Innere eines anderen Baumes derselben Art innerhalb500 feet von zu bewegen. Beide Bäume müssen lebendig und mindestens so groß wie du sein. Du musst Bewegungspunkte aufwenden5 feet, um einen Baum zu betreten. Du kennst Unmittelbar die Position aller anderen Bäume derselben Art innerhalb500 feetvon und kannst als Teil der Bewegung, die du zum Betreten des Baumes aufwendest, entweder in einen dieser Bäume hinübergehen oder aus dem Baum, in dem du dich befindest, heraustreten. Du erscheinst an einem Ort deiner Wahl innerhalb5 feet des Zielbaums und verbrauchst dabei eine weitere5 feet Bewegungseinheit. Wenn du keine Bewegungseinheiten mehr hast, erscheinst du innerhalb5 feet des Baums, den du betreten hast.<br><br>Du kannst diese Fortbewegungsfähigkeit in jedem deiner Züge nur einmal einsetzen. Du musst jeden Zug außerhalb eines Baumes beenden.;Druide, Waldläufer;
5;Kraftwand;Level 5 Hervorrufung;1 Aktion;36 m;V, G, M;Konzentration, bis zu 10 min;"(ein Glassplitter) Eine unsichtbare Kraftwand entsteht an einem Punkt deiner Wahl innerhalb der Reichweite. Die Wand erscheint in einer beliebigen Ausrichtung deiner Wahl, als horizontale oder vertikale Barriere oder in einem Winkel. Sie kann frei schweben oder auf einer festen Oberfläche aufliegen. Du kannst sie zu einer halbkugelförmigen Kuppel oder einer Kugel mit einem Radius von bis zu formen10 feet, oder du kannst eine flache Oberfläche aus zehn 10-footmal Fuß -10großen Platten gestalten. Jede Platte muss an eine andere Platte angrenzen. In jeder Form ist die Wand1 / 4 Zoll dick und hält für die Dauer an. Wenn die Wand beim Erscheinen den Raum einer Kreatur durchschneidet, wird die Kreatur auf eine Seite der Wand gedrängt (du wählst, welche Seite).<br><br>Nichts kann die Wand physisch durchdringen. Sie ist immun gegen jeglichen Schaden und kann nicht durch „Magie bannen"" aufgehoben werden. Ein „Zerstörungszauber"" zerstört die Wand jedoch augenblicklich. Die Wand erstreckt sich zudem bis in die Ätherische Ebene und verhindert ätherische Reisen durch die Wand.";Magier;
5;Steinmauer;Level 5 Hervorrufung;1 Aktion;36 m;V, G, M;Konzentration, bis zu 10 min;"(ein Granitblock) An einem von dir gewählten Punkt innerhalb der Reichweite entsteht eine nichtmagische Wand aus massivem Stein. Die Wand ist6 inches dick und besteht aus -mal-Fuß -10großen10-foot Platten. Jede Platte muss an eine andere Platte angrenzen. Alternativ kannst du -mal-Fuß -20große 10-footPlatten erschaffen, die nur3 inches dick sind.<br><br>Wenn die Wand beim Erscheinen den Raum einer Kreatur durchschneidet, wird diese an eine Seite der Wand gedrängt (du entscheidest, welche Seite). Wenn eine Kreatur von allen Seiten von der Wand (oder der Wand und einer anderen festen Oberfläche) umschlossen wäre, kann sie einen Geschicklichkeitsrettungswurf durchführen. Bei Erfolg kann sie ihre Reaktion nutzen, um sich um bis zu ihrer Bewegungsreichweite zu bewegen, sodass sie nicht mehr von der Wand eingeschlossen ist.<br><br>Die Mauer kann jede beliebige Form annehmen, darf jedoch nicht denselben Raum einnehmen wie ein Lebewesen oder ein Gegenstand. Die Mauer muss weder senkrecht stehen noch auf einem festen Fundament ruhen. Sie muss jedoch mit vorhandenem Gestein verschmelzen und von diesem fest gestützt werden. So kannst du diesen Zauber nutzen, um eine Schlucht zu überbrücken oder eine Rampe zu errichten.<br><br>Wenn du eine Spannweite mit einer Länge von20 feet mehr als erstellst, musst du die Größe jedes einzelnen Feldes halbieren, um Stützen zu schaffen. Du kannst die Wand grob formen, um Zinnen und Ähnliches zu gestalten.<br><br>Die Mauer ist ein Objekt aus Stein, das beschädigt und somit durchbrochen werden kann. Jede Mauerplatte hat eine Rüstungsklasse von 15 und 30 TP pro Zentimeter Dicke; außerdem ist sie immun gegen Gift- und Psischaden. Wird eine Mauerplatte auf 0 TP reduziert, wird sie zerstört, was nach Ermessen des Spielleiters dazu führen kann, dass angrenzende Mauerplatten einstürzen.<br><br>Wenn du deine Konzentration auf diesen Zauber während seiner gesamten Dauer aufrechterhältst, wird die Wand dauerhaft und kann nicht gebannt werden. Andernfalls verschwindet die Wand, sobald der Zauber endet.";Artificer, Druide, Zauberer, Magier;
5;Yolandes königliche Ausstrahlung;Level 5 Verzauberung;1 Aktion;Selbst;COMPONENT: V, G, M;Konzentration, bis zu 1 min;"(eine Miniatur-Tiara) Du umgibst dich in einer10-footEmanation mit überirdischer Erhabenheit. Immer wenn die Emanation den Raum einer Kreatur betritt, die du sehen kannst, und immer wenn eine Kreatur, die du sehen kannst, die Emanation betritt oder dort ihren Zug beendet, kannst du diese Kreatur zwingen, einen WIS-Rettungswurf durchzuführen. Bei einem misslungenen Rettungswurf erleidet das Ziel4d6 psychischen Schaden und erhält den Zustand „am Boden liegend"", und du kannst es bis zu10 feet Weit entfernt wegstoßen. Bei einem erfolgreichen Rettungswurf erleidet das Ziel nur die Hälfte des Schadens. Eine Kreatur darf diesen Rettungswurf nur einmal pro Runde durchführen.";Barde, Magier;
6;Arcane Gate;Level 6 Beschwörung;1 Aktion;150 m;V, G;Konzentration, bis zu 10 min;Du erschaffst miteinander verbundene Teleportationsportale. Wähle zwei große, unbesetzte Stellen auf dem Boden, die du sehen kannst - eine Stelle in Reichweite und die andere in10 feetdeiner Nähe. An jeder dieser Stellen öffnet sich ein kreisförmiges Portal, das für die gesamte Dauer bestehen bleibt.<br><br>Die Portale sind zweidimensionale, leuchtende Ringe, die mit Nebel gefüllt sind, der die Sicht versperrt. Sie schweben wenige Zentimeter über dem Boden und stehen senkrecht dazu.<br><br>Ein Portal ist nur auf einer Seite offen (du entscheidest, auf welcher). Alles, was durch die offene Seite eines Portals eintritt, tritt durch die offene Seite des anderen Portals wieder aus, als ob die beiden nebeneinander lägen. Als Bonus Aktion kannst du die Ausrichtung der offenen Seiten ändern.;Zauberer, Hexenmeister, Magier;
6;Klingenbarriere;Level 6 Hervorrufung;1 Aktion;27 m;V, G;Konzentration, bis zu 10 min;"Du erschaffst eine Wand aus wirbelnden Klingen, die aus magischer Energie bestehen. Die Wand erscheint innerhalb der Reichweite und bleibt für die gesamte Dauer bestehen. Du erschaffst eine gerade Wand mit einer Länge von bis zu,20 feet100 feeteiner Höhe von bis zu und5 feeteiner Dicke von bis zu oder eine ringförmige Wand mit einem Durchmesser von60 feetbis zu,20 feeteiner Höhe von bis zu und5 feeteiner Dicke von bis zu. Die Wand bietet Dreiviertel-Deckung, und ihr Bereich gilt als schwieriges Gelände.<br><br>Jede Kreatur, die sich im Feld der Mauer befindet, muss einen Geschicklichkeitsrettungswurf durchführen; bei einem misslungenen Rettungswurf erleidet sie6d10Kraftschaden, bei einem erfolgreichen Rettungswurf nur die Hälfte dieses Schadens. Eine Kreatur muss diesen Rettungswurf auch durchführen, wenn sie das Feld der Mauer betritt oder ihren Zug dort beendet. Eine Kreatur darf diesen Rettungswurf nur einmal pro Zug durchführen.";Kleriker;
6;Kettenblitz;Level 6 Hervorrufung;1 Aktion;45 m;V, G, M;Unmittelbar;(drei silberne Stifte) Du schleuderst einen Blitz auf ein Ziel, das du innerhalb der Reichweite sehen kannst. Von diesem Ziel springen dann drei Blitze auf bis zu drei weitere Ziele deiner Wahl, die sich jeweils in30 feetReichweite des ersten Ziels befinden müssen. Ein Ziel kann eine Kreatur oder ein Gegenstand sein und darf nur von einem der Blitze getroffen werden.<br><br>Jedes Ziel führt einen DEX-Rettungswurf durch und erleidet bei einem 10d8misslungenen Rettungswurf Blitzschaden oder bei einem erfolgreichen Rettungswurf die Hälfte dieses Schadens.<br><br><b>Auf höheren Level gewirkt:</b>Für jede Zauberstufe über 6 springt ein zusätzlicher Blitz vom ersten Ziel zu einem anderen Ziel.;Zauberer, Magier;
6;Kreis des Todes;Level 6 Nekromantie;1 Aktion;45 m;V, G, M;Unmittelbar;(das Pulver einer zerkleinerten schwarzen Perle im Wert von über 500 Goldstücken) Negative Energie breitet sich in einer Kugel60-foot mit dem Radius von einem Punkt deiner Wahl innerhalb der Reichweite aus. Jede Kreatur in diesem Bereich muss einen Konstitutionsrettungswurf durchführen und erleidet bei einem 8d8misslungenen Rettungswurf nekrotischen Schaden oder bei einem erfolgreichen Rettungswurf die Hälfte dieses Schadens.<br><br><b>Auf höheren Level gewirkt:</b>Der Schaden erhöht sich um2d8 pro Zauberslot-Stufe über 6.;Zauberer, Hexenmeister, Magier;
6;Feen beschwören;Level 6 Beschwörung;1 Aktion;18 m;V, G;Konzentration, bis zu 10 min;"Du beschwörst einen mittelgroßen Geist aus dem Feenwild an einem freien Ort, den du innerhalb der Reichweite sehen kannst. Der Geist bleibt für die Dauer bestehen und sieht aus wie eine Feenwesenheit deiner Wahl. Wenn der Geist erscheint, kannst du einen Nahkampf-Zauberangriff gegen eine Kreatur in5 feet Reichweite von ihm ausführen. Bei einem Treffer erleidet das Ziel psychischen Schaden in Höhe von3d12 plus deinem Modifikator für die Zauberkunst, und das Ziel hat bis zum Beginn deines nächsten Zuges den Zustand „Verängstigt"", wobei sowohl du als auch der Geist die Quelle der Angst sind.<br><br>Als Bonus Aktion in deinen späteren Runden kannst du den Geist an ein freies Feld teleportieren, das du innerhalb30 feetvon vom verlassenen Feld aus sehen kannst, und den Angriff gegen eine Kreatur innerhalb5 feetvon davon ausführen.<br><br><b>Auf höheren Level gewirkt:</b>Der Schaden erhöht sich um1d12 pro Zauberslot-Stufe über 6.";Druide;
6;Notfall;Level 6 Bannmagie;10 min;Selbst;V, G, M;10 Tage;"(eine mit Edelsteinen besetzte Statuette von dir selbst im Wert von 1.500+ GP) Wähle einen Zauber der Stufe 5 oder niedriger, den du wirken kannst, der eine Wirkzeit von einer Aktion hat und auf dich selbst gerichtet werden kann. Du wirkst diesen Zauber - den sogenannten bedingten Zauber - als Teil des Wirkens von „Contingency"" und verbrauchst dabei Zauberplätze für beide, doch der bedingte Zauber tritt nicht in Kraft. Stattdessen wird er wirksam, wenn ein bestimmter Auslöser eintritt. Du beschreibst diesen Auslöser, wenn du die beiden Zauber wirkst. Ein mit „Water Breathing"" gewirkter „Contingency""-Zauber könnte beispielsweise vorsehen, dass „Water Breathing"" wirksam wird, wenn du von Wasser oder einer ähnlichen Flüssigkeit umspült wirst.<br><br>Der bedingte Zauber tritt unmittelbar nach dem ersten Auslösen des Auslösers in Kraft, unabhängig davon, ob du dies beabsichtigst oder nicht, und endet anschließend.<br><br>Der „Kontingenz""-Zauber wirkt nur auf dich, auch wenn er normalerweise auf andere gerichtet werden kann. Du kannst jeweils nur einen „Kontingenz""-Zauber wirken. Wenn du diesen Zauber erneut wirkst, endet die Wirkung eines anderen „Kontingenz""-Zaubers auf dich. Außerdem endet „Kontingenz"" auf dich, sobald sich seine materielle Komponente nicht mehr in deinem Besitz befindet.";Magier;
6;Untote erschaffen;Level 6 Nekromantie;1 min;3 m;V, G, M;Unmittelbar;"(ein schwarzer Onyxstein mit mindestens 150 GP pro Leiche) Du kannst diesen Zauber nur nachts wirken. Wähle bis zu drei Leichen von mittelgroßen oder kleinen Humanoiden innerhalb der Reichweite aus. Jede davon wird zu einem Ghul unter deiner Kontrolle (siehe Monsterhandbuch für die Werte).<br><br>Als Bonus Aktion in jedem deiner Züge kannst du jede Kreatur, die du mit diesem Zauber zum Leben erweckt hast, mental befehligen, sofern sich die Kreatur in120 feetdeiner Nähe befindet (wenn du mehrere Kreaturen kontrollierst, kannst du jede von ihnen gleichzeitig befehligen und ihnen denselben Befehl erteilen). Du entscheidest, welche Aktion die Kreatur ausführt und wohin sie sich in ihrem nächsten Zug bewegt, oder du kannst einen allgemeinen Befehl erteilen, beispielsweise einen bestimmten Ort zu bewachen. Wenn du keine Befehle erteilst, führt die Kreatur die Aktion „Ausweichen"" aus und bewegt sich nur, um Schaden zu vermeiden. Sobald ein Befehl erteilt wurde, befolgt die Kreatur diesen so lange, bis ihre Aufgabe erfüllt ist.<br><br>Die Kreatur steht 24 Stunden lang unter deiner Kontrolle; danach befolgt sie keine deiner Befehle mehr. Um die Kontrolle über die Kreatur für weitere 24 Stunden aufrechtzuerhalten, musst du diesen Zauber auf die Kreatur wirken, bevor der aktuelle 24-Stunden-Zeitraum endet. Durch diese Anwendung des Zaubers erlangst du erneut die Kontrolle über bis zu drei Kreaturen, die du mit diesem Zauber zum Leben erweckt hast, anstatt neue zu beleben.<br><br><b>Auf höheren Level gewirkt:</b>Wenn du einen Zauberslot der Stufe 7 verwendest, kannst du vier Ghule beleben oder die Kontrolle über sie zurückgewinnen. Wenn du einen Zauberslot der Stufe 8 verwendest, kannst du fünf Ghule oder zwei Ghaste bzw. Wichte beleben oder die Kontrolle über sie zurückgewinnen. Wenn du einen Zauberslot der Stufe 9 verwendest, kannst du sechs Ghule, drei Ghaste bzw. Wichte oder zwei Mumien beleben oder die Kontrolle über sie zurückgewinnen. Die entsprechenden Charakterdaten findest du im Monsterhandbuch.";Kleriker, Hexenmeister, Magier;
6;Zersetzen;Level 6 Verwandlungsmagie;1 Aktion;18 m;V, G, M;Unmittelbar;"(ein Magnetstein und Staub) Du schießt einen grünen Strahl auf ein Ziel, das du innerhalb der Reichweite sehen kannst. Das Ziel kann eine Kreatur, ein nichtmagischer Gegenstand oder eine Schöpfung magischer Kraft sein, wie beispielsweise die durch „Kraftwand"" erzeugte Wand.<br><br>Ein von diesem Zauber getroffenes Wesen muss einen Geschicklichkeitsrettungswurf durchführen. Bei einem misslungenen Rettungswurf erleidet das Ziel10d6 + 40 Kraftschaden. Wenn dieser Schaden seine TP auf 0 reduziert, werden es selbst sowie alle nichtmagischen Gegenstände, die es trägt oder bei sich hat, zu grauem Staub zerfallen. Das Ziel kann nur durch den Zauber „Wahre Auferstehung"" oder „Wunsch"" wiederbelebt werden.<br><br>Dieser Zauber lässt einen nichtmagischen Gegenstand der Größe „Groß"" oder kleiner oder ein durch magische Kraft erschaffenes Objekt automatisch zerfallen. Ist ein solches Ziel der Größe „Riesig"" oder größer, lässt dieser Zauber einen 3 m-Cube-Teil davon zerfallen.<br><br><b>Auf höheren Level gewirkt:</b>Der Schaden erhöht sich um3d6 pro Zauberslot-Stufe über 6.";Zauberer, Magier;
6;Drawmijs Sofortbeschwörung;Level 6 Beschwörung;1 min oder Ritual;Berührung;V, G, M;Bis Zauber gebannt wird;(ein Saphir im Wert von über 1.000 Goldstücken) Du berührst den Saphir, der für den Zauber verwendet wird, sowie einen Gegenstand, der höchstens 10 Pfund wiegt und dessen längste Seite höchstens 6 feetmisst. Der Zauber hinterlässt eine unsichtbare Markierung auf diesem Gegenstand und prägt den Namen des Gegenstands unsichtbar in den Saphir ein. Jedes Mal, wenn du diesen Zauber wirkst, musst du einen anderen Saphir verwenden.<br><br>Anschließend kannst du eine magische Aktion ausführen, um den Namen des Objekts auszusprechen und den Saphir zu zerdrücken. Das Objekt erscheint augenblicklich in deiner Hand, unabhängig von physischen Entfernungen oder Entfernungen zwischen den Ebenen, und der Zauber endet.<br><br>Wenn eine andere Kreatur den Gegenstand in der Hand hält oder bei sich trägt, wird er durch das Zerdrücken des Saphirs nicht transportiert, sondern du erfährst stattdessen, um welche Kreatur es sich handelt und wo sie sich gerade befindet.;Magier;
6;Es hat gebissen;Level 6 Nekromantie;1 Aktion;Selbst;V, G;Konzentration, bis zu 1 min;"Für die Dauer verwandeln sich deine Augen in eine pechschwarze Leere. Ein Wesen deiner Wahl in60 feetdeiner Nähe, das du sehen kannst, muss einen WIS-Rettungswurf bestehen oder wird für die Dauer von einem der folgenden Effekte deiner Wahl betroffen.<br><br>In jedem deiner Spielzüge, bis der Zauber endet, kannst du eine magische Aktion ausführen, um eine andere Kreatur als Ziel zu wählen; du kannst jedoch keine Kreatur erneut als Ziel wählen, wenn diese einen Rettungswurf gegen diese Zauberwirkung bestanden hat.<br><br>Schläft. Das Ziel befindet sich im Zustand „Bewusstlos"". Es wacht auf, wenn es Schaden erleidet oder wenn eine andere Kreatur eine Aktion ausführt, um es wachzurütteln.<br><br>In Panik. Das Ziel befindet sich im Zustand „Verängstigt"". In jedem seiner Züge muss das verängstigte Ziel die Aktion „Sprint"" ausführen und sich auf dem sichersten und kürzesten Weg von dir entfernen. Wenn sich das Ziel auf ein Feld entfernt, das mindestens von dir 60 feetentfernt ist und von dem aus es dich nicht sehen kann, endet dieser Effekt.<br><br>Vergiftet. Das Ziel befindet sich im Zustand „Vergiftet"".";Barde, Zauberer, Hexenmeister, Magier;
6;Finde den Weg;Level 6 Erkenntnismagie;1 min;Selbst;V, G, M;Konzentration, bis zu 1 Tag;"(ein Satz Wahrsagewerkzeuge - wie Karten oder Runen - im Wert von mindestens 100 Goldstücken) Du spürst auf magische Weise den direktesten Weg zu einem Ort, den du nennst. Du musst mit diesem Ort vertraut sein, und der Zauber schlägt fehl, wenn du ein Ziel in einer anderen Existenzebene, ein sich bewegendes Ziel (wie eine mobile Festung) oder ein unbestimmtes Ziel (wie „die Höhle eines grünen Drachen"") nennst.<br><br>Solange du dich auf derselben Existenzebene wie dein Ziel befindest, weißt du, wie weit es entfernt ist und in welcher Richtung es liegt. Wann immer du auf dem Weg dorthin vor einer Weggabelung stehst, weißt du, welcher Weg der direkteste ist.";Barde, Kleriker, Druide;
6;Fleisch zu Stein;Level 6 Verwandlungsmagie;1 Aktion;18 m;V, G, M;Konzentration, bis zu 1 min;"(eine Basiliskenfeder) Du versuchst, eine Kreatur, die du in Reichweite sehen kannst, in Stein zu verwandeln. Das Ziel führt einen Konstitutionsrettungswurf durch. Bei einem misslungenen Rettungswurf erhält es für die Dauer den Zustand „Gefesselt"". Bei einem erfolgreichen Rettungswurf beträgt seine Bewegungsgeschwindigkeit bis zum Beginn deines nächsten Zuges 0. Konstrukte bestehen den Rettungswurf automatisch.<br><br>Ein gefesseltes Ziel führt am Ende jedes seiner Züge einen weiteren Konstitutionsrettungswurf durch. Wenn es diesen Zauber dreimal erfolgreich abwehrt, endet der Zauber. Wenn es dreimal scheitert, wird es zu Stein verwandelt und erhält für die Dauer des Zaubers den Zustand „versteinert"". Die Erfolge und Misserfolge müssen nicht aufeinanderfolgen; notiere dir beide, bis das Ziel insgesamt drei davon erreicht hat.<br><br>Wenn du deine Konzentration auf diesen Zauber während der gesamten möglichen Dauer aufrechterhältst, ist das Ziel versteinert, bis dieser Zustand durch „Große Wiederherstellung"" oder ähnliche Magie aufgehoben wird.";Druide, Zauberer, Magier;
6;Verbot;Level 6 Bannmagie;10 Minuten oder Ritual;Berührung;V, G, M;1 Tag;"(Rubinstaub im Wert von 1.000+ GP) Du errichtest einen Schutzzauber gegen magische Fortbewegung, der eine Fläche von bis zu 40.000 Quadratfuß bis zu einer Höhe von30 feet über dem Boden schützt. Während der Wirkungsdauer können sich Wesen nicht in den Bereich teleportieren oder Portale, wie sie beispielsweise durch den Zauber „Tor"" erschaffen werden, nutzen, um den Bereich zu betreten. Der Zauber schützt den Bereich vor Reisen zwischen den Ebenen und verhindert somit, dass Kreaturen über die Astralebene, die Ätherische Ebene, das Feywild, das Schattenfell oder den Zauber „Ebenenwechsel"" in den Bereich gelangen.<br><br>Außerdem fügt der Zauber den Kreaturentypen Schaden zu, die du beim Wirken des Zaubers auswählst. Wähle einen oder mehrere der folgenden Typen aus: Aberrationen, Himmlische, Elementare, Feen, Dämonen und Untote. Wenn eine Kreatur eines ausgewählten Typs in einem Zug zum ersten Mal den Wirkungsbereich des Zaubers betritt oder ihren Zug dort beendet, erleidet sie5d10 Strahlungs- oder Nekrotischen Schaden (du entscheidest beim Wirken des Zaubers).<br><br>Du kannst beim Wirken des Zaubers ein Passwort festlegen. Eine Kreatur, die das Passwort beim Betreten des Bereichs ausspricht, erleidet durch den Zauber keinen Schaden.<br><br>Der Wirkungsbereich des Zaubers darf sich nicht mit dem Wirkungsbereich eines anderen „Verbot""-Zaubers überschneiden. Wenn du „Verbot"" 30 Tage lang täglich am selben Ort wirkst, hält der Zauber so lange an, bis er gebannt wird, und die materiellen Komponenten werden beim letzten Wirken verbraucht.";Kleriker;
6;Kugel der Unverwundbarkeit;Level 6 Bannmagie;1 Aktion;Selbst;V, G, M;Konzentration, bis zu 1 min;(eine Glasperle) Eine unbewegliche, schimmernde Barriere erscheint in einer10-footEmanation um dich herum und bleibt für die gesamte Dauer bestehen.<br><br>Jeder Zauber der Stufe 5 oder niedriger, der von außerhalb der Barriere gewirkt wird, kann nichts innerhalb der Barriere beeinflussen. Ein solcher Zauber kann zwar auf Kreaturen und Gegenstände innerhalb der Barriere gerichtet sein, hat jedoch keine Wirkung auf diese. Ebenso ist der Bereich innerhalb der Barriere von den Wirkungsbereichen solcher Zauber ausgeschlossen.<br><br><b>Auf höheren Level gewirkt:</b>Die Barriere blockiert Zauber, deren Stufe um jeweils eine Stufe höher ist, je nach Zauberslot-Stufe über 6.;Zauberer, Magier;
6;Wachen und Schutzmaßnahmen;Level 6 Bannmagie;1 h;Berührung;V, G, M;24 h;"(ein silberner Stab im Wert von 10+ GP) Du erschaffst einen Schutzzauber, der eine Fläche von bis zu 2.500 Quadratfuß schützt. Der geschützte Bereich kann bis zu20 feet hoch sein, und du gestaltest ihn als ein50-foot Quadrat, hundert 5-footaneinandergrenzende Quadrate oder fünfundzwanzig 10-footaneinandergrenzende Quadrate.<br><br>Wenn du diesen Zauber wirkst, kannst du Personen benennen, die von den Auswirkungen des Zaubers nicht betroffen sind. Du kannst auch ein Passwort festlegen, das, wenn es innerhalb5 feetdes geschützten Bereichs laut ausgesprochen wird, den Sprecher immun gegen dessen Auswirkungen macht.<br><br>Der Zauber erzeugt innerhalb des geschützten Bereichs die unten aufgeführten Effekte. „Magie bannen"" hat keine Wirkung auf „Wachen und Schutzzauber"" selbst, aber jeder der folgenden Effekte kann gebannt werden. Werden alle vier gebannt, endet „Wachen und Schutzzauber"". Wenn du den Zauber 365 Tage lang täglich auf denselben Bereich wirkst, hält der Zauber danach so lange an, bis alle seine Effekte gebannt sind.<br><br>Gänge. Nebel füllt alle bewachten Gänge und macht sie dadurch stark verdeckt. Außerdem besteht an jeder Kreuzung oder Abzweigung, an der eine Richtungswahl möglich ist, eine Wahrscheinlichkeit von 50 Prozent, dass eine andere Kreatur als du glaubt, in die entgegengesetzte Richtung zu gehen, als sie tatsächlich wählt.<br><br>Türen. Alle Türen im abgesicherten Bereich sind magisch verschlossen, als wären sie durch den Zauber „Arkanes Schloss"" versiegelt. Außerdem kannst du bis zu zehn Türen mit einer Illusion verhüllen, sodass sie wie gewöhnliche Wandabschnitte aussehen.<br><br>Treppen. Wie beim Zauber „Spinnennetz"" bedecken Spinnweben alle Treppen im geschützten Bereich von oben bis unten. Diese Fäden wachsen innerhalb von 10 Minuten nach, wenn sie zerstört werden, solange „Wachen und Schutzzauber"" wirkt.<br><br>Anderer Zaubereffekt. Platziere einen der folgenden magischen Effekte innerhalb des geschützten Bereichs:<br><br>„Tanzende Lichter"" in vier Gängen, mit einem einfachen Programm, das die Lichter so lange wiederholen, wie „Wachen und Schutzzauber"" wirkt; „Magischer Mund"" an zwei Stellen; „Stinkende Wolke"" an zwei Stellen (die Dämpfe kehren innerhalb von 10 Minuten zurück, wenn sie während der Wirkungsdauer von „Wachen und Schutzzauber"" zerstreut werden); „Windstoß"" in einem Gang oder Raum (der Wind weht ununterbrochen, solange der Zauber wirkt); „Suggestion"" auf einem5-footFeld; jede Kreatur, die dieses Feld betritt, wird mental beeinflusst";Barde, Magier;
6;Schaden;Level 6 Nekromantie;1 Aktion;18 m;V, G;Unmittelbar;Du entfesselst zerstörerische Magie auf eine Kreatur, die du innerhalb der Reichweite sehen kannst. Das Ziel führt einen Konstitutionsrettungswurf durch. Bei einem misslungenen Rettungswurf erleidet es14d6 nekrotischen Schaden, und seine maximale Trefferpunktzahl wird um einen Wert verringert, der dem erlittenen nekrotischen Schaden entspricht. Bei einem erfolgreichen Rettungswurf erleidet es nur die Hälfte des Schadens. Dieser Zauber kann die maximale Trefferpunktzahl eines Ziels nicht unter 1 senken.;Kleriker;
6;Heilen;Level 6 Bannmagie;1 Aktion;18 m;V, G;Unmittelbar;"Wähle ein Wesen, das du in Reichweite sehen kannst. Positive Energie durchströmt das Ziel und stellt 70 TP wieder her. Dieser Zauber hebt außerdem die Zustände „Blind"", „Taub"" und „Vergiftet"" beim Ziel auf.<br><br><b>Auf höheren Level gewirkt:</b>Die Heilung erhöht sich um 10 für jede Zauberslot-Stufe über 6.";Kleriker, Druide;
6;Fest der Helden;Level 6 Beschwörung;10 min;Selbst;V, G, M;Unmittelbar;"(eine mit Edelsteinen besetzte Schale im Wert von über 1.000 GP, die der Zauber verbraucht) Du zauberst ein Festmahl herbei, das auf einer Oberfläche in einem unbesetzten10-footWürfel neben dir erscheint. Es dauert 1 Stunde, bis das Festmahl verzehrt ist; danach verschwindet es, und die positiven Effekte treten erst nach Ablauf dieser Stunde ein. Bis zu zwölf Wesen können an dem Festmahl teilhaben.<br><br>Eine Kreatur, die davon profitiert, erhält mehrere Vorteile, die 24 Stunden lang anhalten. Die Kreatur verfügt über Widerstand gegen Giftschaden und ist immun gegen die Zustände „Verängstigt"" und „Vergiftet"". Außerdem erhöht sich ihre maximale Trefferpunktzahl um 2W10, und sie erhält die gleiche Anzahl an Trefferpunkten.";Barde, Kleriker, Druide;
6;Magic Jar;Level 6 Nekromantie;1 min;Selbst;V, G, M;Bis Zauber gebannt wird;"(ein Edelstein, Kristall oder Reliquiar im Wert von mindestens 500 Goldstücken) Dein Körper verfällt in einen katatonischen Zustand, während deine Seele ihn verlässt und in den Behälter eintritt, den du für die materielle Komponente des Zaubers verwendet hast. Solange deine Seele im Behälter weilt, nimmst du deine Umgebung wahr, als befändest du dich im Raum des Behälters. Du kannst dich nicht bewegen und keine Reaktionen ausführen. Die einzige Aktion, die du ausführen kannst, besteht darin, deine Seele aus dem Behälter zu100 feet projizieren, entweder um zu deinem lebenden Körper zurückzukehren (und den Zauber zu beenden) oder um zu versuchen, den Körper eines Humanoiden zu besetzen.<br><br>Du kannst versuchen, jeden humanoiden Gegner100 feetin Sichtweite zu besetzen (Wesen, die durch einen Zauber „Schutz vor Bösem und Gutem"" oder „Magischer Kreis"" geschützt sind, können nicht besetzt werden). Das Ziel führt einen CHA-Rettungswurf durch. Bei einem misslungenen Rettungswurf dringt deine Seele in den Körper des Ziels ein, und die Seele des Ziels bleibt in diesem Körper gefangen. Bei einem erfolgreichen Rettungswurf widersteht das Ziel deinen Bemühungen, es zu besetzen, und du kannst 24 Stunden lang keinen weiteren Versuch unternehmen, es zu besetzen.<br><br>Sobald du den Körper einer Kreatur in Besitz genommen hast, kontrollierst du ihn. Deine TP, Trefferpunktwürfel, Stärke, Geschicklichkeit, Konstitution, Geschwindigkeit und Sinne werden durch die der Kreatur ersetzt. Ansonsten behältst du deine Spielwerte bei.<br><br>In der Zwischenzeit kann die Seele des besessenen Wesens mit ihren eigenen Sinnen wahrnehmen, was außerhalb ihres Körpers geschieht, doch sie kann sich nicht bewegen und ist handlungsunfähig.<br><br>Solange du einen Körper bewohnst, kannst du eine magische Aktion ausführen, um vom Wirtskörper in den Behälter zurückzukehren, sofern dieser sich in100 feet Reichweite von dir befindet, wodurch die Seele der Wirtskreatur in ihren Körper zurückkehrt. Stirbt der Wirtskörper, während du ihn bewohnst, stirbt die Kreatur, und du führst einen CHA-Rettungswurf gegen deine eigene Zauberwirks-Schwierigkeitsklasse durch. Bei Erfolg kehrst du in den Behälter zurück, sofern dieser sich in Reichweite100 feetvon dir befindet. Andernfalls stirbst du.<br><br>Wenn der Behälter zerstört wird oder der Zauber endet, kehrt deine Seele in deinen Körper zurück. Befindet sich dein Körper weiter als von 100 feetdir entfernt oder ist er tot, stirbst du. Befindet sich die Seele einer anderen Kreatur im Behälter, wenn dieser zerstört wird, kehrt die Seele dieser Kreatur in ihren Körper zurück, sofern dieser lebt und sich in einem Umkreis von 100 feetbefindet. Andernfalls stirbt diese Kreatur.<br><br>Wenn der Zauber endet, wird der Behälter zerstört.";Magier;
6;Massenbeeinflussung;Level 6 Verzauberung;1 Aktion;18 m;V, M;24 h;"(Schlangenzunge) Du gibst zwölf oder weniger Wesen, die du in Reichweite sehen kannst und die dich hören und verstehen, eine Handlungsanweisung - beschrieben in höchstens 25 Wörtern. Die Anweisung muss realisierbar klingen und darf nichts beinhalten, was den Zielpersonen oder ihren Verbündeten offensichtlich Schaden zufügen würde. Du könntest zum Beispiel sagen: „Geht die Straße hinunter zum Dorf und helft den Dorfbewohnern dort bis zum Sonnenuntergang bei der Ernte."" Oder du könntest sagen: „Jetzt ist nicht die Zeit für Gewalt. Legt eure Waffen nieder und tanzt! Hört in einer Stunde auf.""<br><br>Jedes Ziel muss einen WIS-Rettungswurf bestehen, andernfalls befindet es sich für die Dauer des Zaubers oder bis du oder deine Verbündeten dem Ziel Schaden zufügen im Zustand „Verzaubert"". Jedes verzauberte Ziel folgt der Suggestion nach besten Kräften. Die vorgeschlagene Handlung kann über die gesamte Dauer andauern, doch wenn sie in kürzerer Zeit abgeschlossen werden kann, endet der Zauber für das Ziel mit deren Abschluss.<br><br><b>Auf höheren Level gewirkt:</b>Die Wirkungsdauer ist länger, wenn ein Zauberslot der Stufe 7 (10 Tage), 8 (30 Tage) oder 9 (366 Tage) verwendet wird.";Barde, Zauberer, Magier;
6;Move Earth;Level 6 Verwandlungsmagie;1 Aktion;36 m;V, G, M;Konzentration, bis zu 2 h;(eine Miniaturschaufel) Wähle einen Bereich des Geländes mit einer 40 feetSeitenlänge von höchstens innerhalb der Reichweite aus. Während der Wirkungsdauer kannst du Erde, Sand oder Lehm in diesem Bereich nach Belieben umformen. Du kannst die Höhe des Bereichs anheben oder absenken, einen Graben anlegen oder auffüllen, eine Mauer errichten oder abflachen oder eine Säule formen. Der Umfang solcher Veränderungen darf die Hälfte der größten Ausdehnung des Bereichs nicht überschreiten. Wenn du beispielsweise ein40-foot Quadrat bearbeitest, kannst du eine Säule mit20 feeteiner Höhe von bis zu errichten, die Höhe des Quadrats um bis zu20 feet anheben oder senken, einen Graben mit20 feeteiner Tiefe von bis zu ausheben und so weiter. Es dauert 10 Minuten, bis diese Veränderungen abgeschlossen sind. Da die Umgestaltung des Geländes langsam erfolgt, können Kreaturen in diesem Bereich in der Regel nicht durch die Bodenbewegungen eingeschlossen oder verletzt werden.<br><br>Nach jeweils 10 Minuten, in denen du dich auf den Zauber konzentrierst, kannst du einen neuen Bereich innerhalb der Reichweite auswählen, auf den der Zauber wirken soll.<br><br>Dieser Zauber kann weder Natursteine noch Steinbauten verändern. Felsen und Bauwerke passen sich dem neuen Gelände an. Sollte die Art und Weise, wie du das Gelände formst, ein Bauwerk instabil machen, könnte es einstürzen.<br><br>Ebenso hat dieser Zauber keinen direkten Einfluss auf das Pflanzenwachstum. Die bewegte Erde nimmt alle Pflanzen mit sich.;Druide, Zauberer, Magier;
6;Otilukes Gefrierkugel;Level 6 Hervorrufung;1 Aktion;90 m;V, G, M;Unmittelbar;"(eine kleine Kristallkugel) Eine eisige Kugel schießt von dir zu einem Punkt deiner Wahl innerhalb der Reichweite, wo sie in einem 60-footRadius von S explodiert. Jede Kreatur in diesem Bereich muss einen Konstitutionsrettungswurf durchführen und erleidet bei einem 10d6misslungenen Rettungswurf Kälteschaden oder bei einem erfolgreichen Rettungswurf die Hälfte dieses Schadens.<br><br>Wenn der Globus auf eine Wasserfläche trifft, friert er das Wasser bis zu einer Tiefe von6 inches über eine Fläche30 feetvon Quadratmetern ein. Dieses Eis hält 1 min lang. Kreaturen, die an der Oberfläche des gefrorenen Wassers schwammen, sind im Eis gefangen und erhalten den Zustand „Gefesselt"". Eine gefangene Kreatur kann eine Aktion ausführen, um einen Stärke-Probe (Leichtathletik) gegen deinen Zauber-Rettungswurf-SG zu machen, um sich zu befreien.<br><br>Du kannst nach Abschluss der Zauberspruchausführung davon absehen, die Kugel abzufeuern. Wenn du dies tust, erscheint in deiner Hand eine Kugel von der Größe eines Schleudergeschosses, die sich kühl anfühlt. Zu jedem Zeitpunkt kannst du oder eine Kreatur, der du die Kugel gibst, die Kugel werfen (bis zu einer Reichweite von 12 m) oder sie mit einer Schleuder schleudern (bis zur normalen Reichweite der Schleuder). Sie zerbricht beim Aufprall und hat denselben Effekt wie ein normaler Zauberwurf. Du kannst die Kugel auch ablegen, ohne sie zu zerbrechen. Nach 1 min explodiert die Kugel, sofern sie nicht bereits zerbrochen ist.<br><br><b>Auf höheren Level gewirkt:</b>Der Schaden erhöht sich um1d6 pro Zauberslot-Stufe über 6.";Zauberer, Magier;
6;Ottos unwiderstehlicher Tanz;Level 6 Verzauberung;1 Aktion;9 m;V;Konzentration, bis zu 1 min;"Ein Wesen, das sich in Reichweite befindet, muss einen WIS-Rettungswurf durchführen. Bei einem erfolgreichen Rettungswurf tanzt das Ziel bis zum Ende seines nächsten Zuges auf komische Weise; währenddessen muss es seine gesamte Bewegung darauf verwenden, auf der Stelle zu tanzen.<br><br>Bei einem misslungenen Rettungswurf erhält das Ziel für die Dauer des Zaubers den Zustand „Verzaubert"". Solange es verzaubert ist, tanzt das Ziel komisch, muss seine gesamte Bewegung dafür aufwenden, auf der Stelle zu tanzen, und erhält Nachteil bei Rettungswürfen auf Geschicklichkeit sowie bei Angriffswürfen; andere Kreaturen erhalten Vorteil bei Angriffswürfen gegen das Ziel. In jedem seiner Züge kann das Ziel eine Aktion darauf verwenden, sich zu sammeln und den Rettungswurf zu wiederholen; bei Erfolg endet der Zauber für das Ziel.";Barde, Magier;
6;Planar-Verbündeter;Level 6 Beschwörung;10 min;18 m;V, G;Unmittelbar;Du bittest ein übernatürliches Wesen um Hilfe. Dieses Wesen muss dir bekannt sein: ein Gott, ein Dämonenprinz oder ein anderes Wesen von kosmischer Macht. Das Wesen entsendet einen ihm treu ergebenen Himmlischen, Elementar oder Dämon, um dir zu helfen, und lässt die Kreatur an einem freien Ort innerhalb der Reichweite erscheinen. Wenn du den Namen einer bestimmten Kreatur kennst, kannst du diesen Namen beim Wirken dieses Zaubers aussprechen, um diese Kreatur anzufordern, obwohl du möglicherweise trotzdem eine andere Kreatur erhältst (Entscheidung des Spielleiters).<br><br>Wenn die Kreatur erscheint, ist sie nicht dazu gezwungen, sich auf eine bestimmte Weise zu verhalten. Du kannst sie bitten, dir gegen Bezahlung einen Dienst zu erweisen, aber sie ist nicht dazu verpflichtet. Die gewünschte Aufgabe kann von einfach (uns über die Schlucht fliegen oder uns im Kampf helfen) bis hin zu komplex (unsere Feinde ausspionieren oder uns bei unserem Vorstoß in den Dungeon beschützen) reichen. Du musst mit der Kreatur kommunizieren können, um über ihre Dienste zu verhandeln.<br><br>Die Bezahlung kann auf vielfältige Weise erfolgen. Ein himmlisches Wesen verlangt möglicherweise eine beträchtliche Spende in Form von Gold oder magischen Gegenständen an einen verbündeten Tempel, während ein Unhold ein lebendes Opfer oder eine Schatzgabe fordern könnte. Manche Wesen tauschen ihre Dienste gegen eine von dir unternommene Quest ein.<br><br>Eine Aufgabe, die sich in Minuten bemessen lässt, erfordert eine Bezahlung von 100 GP pro Minute. Eine Aufgabe, die sich in Stunden bemessen lässt, erfordert 1.000 GP pro Stunde. Und eine Aufgabe, die sich in Tagen bemessen lässt (bis zu 10 Tage), erfordert 10.000 GP pro Tag. Der Spielleiter kann diese Vergütungen je nach den Umständen, unter denen du den Zauber wirkst, anpassen. Wenn die Aufgabe mit dem Ethos der Kreatur im Einklang steht, kann die Vergütung halbiert oder sogar erlassen werden. Ungefährliche Aufgaben erfordern in der Regel nur die Hälfte der vorgeschlagenen Vergütung, während besonders gefährliche Aufgaben eine höhere Belohnung erfordern können. Kreaturen nehmen selten Aufgaben an, die selbstmörderisch erscheinen.<br><br>Nachdem die Kreatur die Aufgabe erfüllt hat oder die vereinbarte Dienstzeit abgelaufen ist, kehrt die Kreatur in ihre Heimatwelt zurück, nachdem sie sich, sofern möglich, bei dir gemeldet hat. Falls ihr euch nicht auf einen Preis für die Dienste der Kreatur einigen könnt, kehrt die Kreatur Unmittelbar in ihre Heimatwelt zurück.;Kleriker;
6;Programmierte Illusion;Level 6 Illusionsmagie;1 Aktion;36 m;V, G, M;Bis Zauber gebannt wird;"(Jadestaub im Wert von 25+ GP) Du erschaffst eine Illusion eines Gegenstands, einer Kreatur oder eines anderen sichtbaren Phänomens innerhalb der Reichweite, die aktiviert wird, sobald ein bestimmter Auslöser eintritt. Bis dahin ist die Illusion nicht wahrnehmbar. Sie darf nicht größer als ein30-footWürfel sein, und du legst beim Wirken des Zaubers fest, wie sich die Illusion verhält und welche Geräusche sie von sich gibt. Diese vorprogrammierte Darbietung kann bis zu 5 Minuten andauern.<br><br>Sobald der von dir festgelegte Auslöser eintritt, entsteht die Illusion und verhält sich genau so, wie du es beschrieben hast. Sobald die Illusion ihre Wirkung beendet hat, verschwindet sie und bleibt 10 Minuten lang inaktiv; danach kann sie erneut aktiviert werden.<br><br>Der Auslöser kann so allgemein oder so detailliert sein, wie du möchtest, muss sich jedoch auf visuelle oder akustische Phänomene stützen, die sich innerhalb30 feetdes Bereichs ereignen. Du könntest beispielsweise eine Illusion von dir selbst erschaffen, die erscheint und andere warnt, die versuchen, eine mit einer Falle versehene Tür zu öffnen.<br><br>Durch physischen Kontakt mit dem Bild wird deutlich, dass es sich um eine Illusion handelt, da Gegenstände es durchdringen können. Eine Kreatur, die die Aktion „Untersuchen"" wählt, um das Bild zu begutachten, kann durch einen erfolgreichen Intelligenz-Wurf (Untersuchung) gegen deinen Zauber-Rettungswurf feststellen, dass es sich um eine Illusion handelt. Erkennt eine Kreatur die Illusion als solche, kann sie durch das Bild hindurchsehen, und alle Geräusche, die es erzeugt, klingen für sie hohl.";Barde, Magier;
6;Dämon beschwören;Level 6 Beschwörung;1 Aktion;27 m;V, G, M;Konzentration, bis zu 1 h;"(ein verdammtes Fläschchen im Wert von über 600 GP) Du beschwörst einen dämonischen Geist. Er manifestiert sich an einer freien Stelle, die du innerhalb der Reichweite sehen kannst, und verwendet den Charakterbogen „Dämonischer Geist"". Wenn du den Zauber wirkst, wähle zwischen Dämon, Teufel oder Yugoloth. Die Kreatur ähnelt einem Dämon des gewählten Typs, der bestimmte Details in ihrem Charakterbogen bestimmt. Die Kreatur verschwindet, wenn ihre TP auf 0 sinken oder wenn der Zauber endet.<br><br>Die Kreatur ist ein Verbündeter von dir und deinen Verbündeten. Im Kampf teilt sich die Kreatur deine Initiative, ist jedoch unmittelbar nach dir an der Reihe. Sie befolgt deine verbalen Befehle (ohne dass du dafür eine Aktion aufwenden musst). Wenn du keine Befehle erteilst, führt sie die Aktion „Ausweichen"" aus und nutzt ihre Bewegung, um Gefahren auszuweichen.<br><br><b>Auf höheren Level gewirkt:</b>Verwende die Stufe des Zauberslots als Stufe des Zaubers im Charakterblatt.<br><br>Teuflischer Geist Großer Unhold, neutral Rüstungsklasse: 12 + Zauberstufe TP: 50 TP (nur Dämon) oder 40 TP (nur Teufel) oder 60 TP (nur Yugoloth) + 15 für jede Zauberstufe über 6 Geschwindigkeit: 12 m.; Klettern 12 m. (nur Dämon); Fliegen 18 m. (nur Teufel) STÄ (Mod / Rett) GES (Mod / Rett) KON (Mod / Rett.) INT (Mod / Rett.) WEIS (Mod / Rett.) CHA (Mod / Rett.) 13 (+1 / +1) 16 (+3 / +3) 15 (+2 / +2) 10 (+0 / +0) 10 (+0 / +0) 16 (+3 / +3) Resistenzen: Feuer Immunitäten: Gift; Vergiftete Sinne: Dunkelheitssicht60 ft, Passive Wahrnehmung 10 Sprachen: Abyssal, Infernal, Telepathie60 ft. Herausforderungsgrad: Keiner (EP 0; PB entspricht deinem Fertigkeitsbonus) Eigenschaften Todeskrämpfe (nur Dämon). Wenn der Geist auf 0 TP fällt oder der Zauber endet, explodiert der Geist. Geschicklichkeitsrettungswurf: SG entspricht deiner Zauberrettungs-SG; jede Kreatur in einer vom Geist 10-footausgehenden Emanation. Fehlschlag:2W10 plus die Stufe dieses Zaubers an Feuerschaden. Erfolg: Halber Schaden. Teufelsblick (nur Teufel). Magische Dunkelheit beeinträchtigt die Dunkelheitssicht des Geistes nicht. Magieresistenz. Der Geist hat Vorteil bei Rettungswürfen gegen Zauber und andere magische Effekte. Aktionen Mehrfachangriff. Der Geist führt eine Anzahl von Angriffen aus, die der Hälfte der Stufe dieses Zaubers entspricht (abgerundet). Biss (nur Dämon). Nahkampfangriffswurf: Der Bonus entspricht deinem Zauberangriffsmodifikator, Reichweite 1,5 m. Treffer:1W12 + 3 + die Stufe des Zaubers nekrotischer Schaden. Klauen (nur Yugoloth). Nahkampfangriffswurf: Der Bonus entspricht deinem Zauberangriffsmodifikator, Reichweite 1,5 m. Treffer:1W8 + 3 + die Stufe des Zaubers Schnittschaden. Unmittelbar nachdem der Angriff getroffen oder verfehlt hat, kann sich der Geist bis zu30 feet zu einem unbesetzten Feld teleportieren, das er sehen kann. Feuriger Schlag (nur Teufel). Nahkampf- oder Fernkampfangriffswurf: Der Bonus entspricht deinem Zauberangriffsmodifikator, Reichweite 1,5 m. oder Reichweite 45 m. Treffer:2W6 + 3 + die Stufe des Zaubers Feuerschaden.";Hexenmeister, Magier;
6;Sunbeam;Level 6 Hervorrufung;1 Aktion;Selbst;V, G, M;Konzentration, bis zu 1 min;(eine Lupe) Du schießt einen Sonnenstrahl in einer 1,5 m-breiten, 18 m-langen Linie ab. Jede Kreatur in dieser Linie muss einen CON-Rettungswurf durchführen. Bei einem misslungenen Rettungswurf erleidet die 6d8Kreatur Strahlungsschaden und ist bis zum Beginn deines nächsten Zuges geblendet. Bei einem erfolgreichen Rettungswurf erleidet sie nur die Hälfte des Schadens.<br><br>Solange der Zauber wirkt, kannst du eine magische Aktion ausführen, um eine neue Strahlungslinie zu erzeugen.<br><br>Für die Dauer dieses Zaubers strahlt ein Lichtpunkt von strahlender Helligkeit über dir. Er verbreitet helles Licht in einem30-footRadius von und schwaches Licht in einem Radius von weiteren 9 m. Dieses Licht ist Sonnenlicht.;Kleriker, Druide, Zauberer, Magier;
6;Tashas brodelnder Kessel;Level 6 Beschwörung;1 Aktion;1,5 m;V, G, M;10 min;(eine vergoldete Schöpfkelle im Wert von über 500 Goldstücken) Du zauberst einen Kessel mit Klauenfüßen herbei, der mit brodelnder Flüssigkeit gefüllt ist. Der Kessel erscheint an einer freien Stelle auf dem Boden in5 feetdeiner Nähe und bleibt für die Dauer des Zaubers bestehen. Der Kessel kann nicht bewegt werden und verschwindet am Ende des Zaubers zusammen mit der darin enthaltenen brodelnden Flüssigkeit.<br><br>Die Flüssigkeit im Kessel hat dieselben Eigenschaften wie ein gewöhnlicher oder ungewöhnlicher Trank deiner Wahl (z. B. ein Heiltrank). Als Bonus Aktion kannst du oder ein Verbündeter in den Kessel greifen und einen Trank dieser Art entnehmen. Der Trank befindet sich in einer Phiole, die verschwindet, sobald der Trank getrunken wird. Der Kessel kann eine Anzahl dieser Tränke hervorbringen, die deinem Modifikator für die Zauberfertigkeit entspricht (mindestens 1). Wenn der letzte dieser Tränke aus dem Kessel entnommen wird, verschwindet der Kessel und der Zauber endet.<br><br>Zaubertränke, die aus dem Kessel gewonnen und nicht getrunken wurden, verschwinden, wenn du diesen Zauber erneut wirkst.;Hexenmeister, Magier;
6;Transport über Pflanzen;Level 6 Beschwörung;1 Aktion;3 m;V, G;1 min;Dieser Zauber stellt eine magische Verbindung zwischen einer großen oder größeren leblosen Pflanze innerhalb der Reichweite und einer anderen Pflanze her, die sich in beliebiger Entfernung auf derselben Existenzebene befindet. Du musst die Zielpflanze zuvor mindestens einmal gesehen oder berührt haben. Während der Wirkungsdauer kann jede Kreatur in die Zielpflanze eintreten und die Zielpflanze wieder verlassen, indem5 feetsie sich dorthin bewegt.;Druide;
6;Wahres Sehen;Level 6 Erkenntnismagie;1 Aktion;Berührung;V, G, M;1 h;"(Pilzpulver im Wert von mindestens 25 Goldstücken, das der Zauber verbraucht) Während der Wirkungsdauer verfügt die bereitwillige Kreatur, die du berührst, über „Wahrsicht"" mit einer Reichweite von 36 m.";Barde, Kleriker, Zauberer, Hexenmeister, Magier;
6;Eiswand;Level 6 Hervorrufung;1 Aktion;36 m;V, G, M;Konzentration, bis zu 10 min;"(ein Stück Quarz) Du erschaffst eine Eiswand auf einer festen Oberfläche innerhalb der Reichweite. Du kannst sie als halbkugelförmige Kuppel oder als Kugel mit einem Radius von bis zu 10 feetgestalten, oder du kannst eine ebene Fläche aus zehn 10-footquadratischen Platten formen. Jede Platte muss an eine andere Platte angrenzen. Unabhängig von ihrer Form ist die Wand1 foot dick und hält für die Dauer des Zaubers an.<br><br>Wenn die Wand beim Erscheinen den Raum einer Kreatur durchschneidet, wird die Kreatur auf eine Seite der Wand gedrängt (du entscheidest, auf welche Seite) und muss einen Geschicklichkeitsrettungswurf durchführen; bei einem misslungenen Rettungswurf erleidet sie10d6Kälteschaden, bei einem erfolgreichen Rettungswurf nur die Hälfte des Schadens.<br><br>Die Mauer ist ein Objekt, das beschädigt und somit durchbrochen werden kann. Sie verfügt über eine Rüstungsklasse von 12 und 30 TP pro10-footAbschnitt, ist immun gegen Kälte-, Gift- und psychischen Schaden und anfällig für Feuerschaden. Wird ein10-footAbschnitt der Mauer auf 0 TP reduziert, wird er zerstört und hinterlässt an der Stelle, an der sich die Mauer befand, eine Wolke eisiger Luft.<br><br>Ein Wesen, das sich in einem Zug zum ersten Mal durch die eisige Luft bewegt, muss einen Konstitutionsrettungswurf durchführen; bei einem misslungenen Rettungswurf erleidet es5d6Kälteschaden, bei einem erfolgreichen Rettungswurf nur die Hälfte des Schadens.<br><br><b>Auf höheren Level gewirkt:</b>Der Schaden, den die Wand beim Erscheinen verursacht, erhöht sich um2d6 und der Schaden durch das Durchqueren der eisigen Luftschicht erhöht sich um1d6 für jede Zauberslot-Stufe über 6.";Magier;
6;Dornwand;Level 6 Beschwörung;1 Aktion;36 m;V, G, M;Konzentration, bis zu 10 min;"(eine Handvoll Dornen) Du erschaffst eine Wand aus verworrenem Gestrüpp, das mit nadelspitzen Dornen übersät ist. Die Wand erscheint innerhalb der Reichweite auf einer festen Oberfläche und bleibt für die Dauer bestehen. Du entscheidest, ob die Wand bis zu60 feet lang,3 m hoch und5 feet dick sein soll oder ob es sich um einen Kreis mit einem20-foot Durchmesser handelt, der bis zu20 feet hoch und5 feet dick ist. Die Wand versperrt die Sicht.<br><br>Wenn die Wand erscheint, muss jedes Wesen in ihrem Wirkungsbereich einen Geschicklichkeitsrettungswurf durchführen; bei einem misslungenen Rettungswurf erleidet es7d8durchdringenden Schaden, bei einem erfolgreichen Rettungswurf nur die Hälfte dieses Schadens.<br><br>Eine Kreatur kann sich durch die Wand bewegen, wenn auch langsam und mühsam. Für jeden1 footSchritt, den eine Kreatur durch die Wand zurücklegt4 feet, muss sie Bewegungspunkte aufwenden. Wenn eine Kreatur in einem Zug zum ersten Mal ein Feld in der Wand betritt oder ihren Zug dort beendet, muss sie zudem einen DEX-Rettungswurf durchführen; bei einem misslungenen Rettungswurf erleidet sie 7d8Schadenspunkte durch Schnittwunden, bei einem erfolgreichen Rettungswurf nur die Hälfte dieses Schadens. Eine Kreatur darf diesen Rettungswurf nur einmal pro Zug durchführen.<br><br><b>Auf höheren Level gewirkt:</b>Beide Schadensarten erhöhen sich um1d8 pro Zauberslot-Stufe über 6.";Druide;
6;Windspaziergang;Level 6 Verwandlungsmagie;1 min;9 m;V, G, M;8 h;"(eine Kerze) Du und bis zu zehn willige Wesen deiner Wahl innerhalb der Reichweite nehmen für die Dauer des Zaubers eine gasförmige Gestalt an und erscheinen als Wolkenfetzen. In dieser Wolkenform verfügt ein Ziel über eine Fluggeschwindigkeit von300 feet und kann schweben; es ist immun gegen den Zustand „am Boden liegend"" und verfügt über Widerstand gegen Schlag-, Stich- und Schnittschaden. Die einzigen Aktionen, die ein Ziel in dieser Form ausführen kann, sind die Aktion „Sprint"" oder eine magische Aktion, um die Rückkehr in seine normale Form einzuleiten. Die Rückkehr dauert 1 min, während der das Ziel den Zustand „Betäubt"" hat. Bis zum Ende des Zaubers kann das Ziel in die Wolkenform zurückkehren, was ebenfalls eine magische Aktion erfordert, gefolgt von einer 1-minütigen Verwandlung.<br><br>Befindet sich ein Ziel bei Ende des Effekts in Form einer Wolke und befindet es sich in der Luft, sinkt es 1 Minute60 feet lang pro Runde, bis es sicher landet. Kann es nach 1 min nicht landen, stürzt es die verbleibende Strecke in die Tiefe.";Druide;
6;Rückruf;Level 6 Beschwörung;1 Aktion;1,5 m;V;Unmittelbar;Du und bis zu fünf bereitwillige Wesen in5 feetdeiner Nähe teleportieren euch augenblicklich zu einem zuvor festgelegten Zufluchtsort. Du und alle Wesen, die sich mit dir teleportieren, erscheinen auf dem nächstgelegenen freien Feld zu der Stelle, die du bei der Vorbereitung deines Zufluchtsorts festgelegt hast (siehe unten). Wenn du diesen Zauber wirkst, ohne zuvor einen Zufluchtsort vorbereitet zu haben, hat der Zauber keine Wirkung.<br><br>Du musst einen Ort, beispielsweise einen Tempel, als Zufluchtsort ausweisen, indem du diesen Zauber dort wirkst.;Kleriker;
7;Himmlische Magie;Level 7 Beschwörung;1 Aktion;27 m;V, G;Konzentration, bis zu 10 min;"Du beschwörst einen Geist aus den Höheren Ebenen, der sich als Lichtsäule in Form eines Zylinders mit10-foot einem Radius von - und 40-footeiner Höhe von - manifestiert, dessen Mittelpunkt an einem Punkt innerhalb der Reichweite liegt. Wähle für jede Kreatur, die du in diesem Zylinder sehen kannst, aus, welches dieser Lichter auf sie scheint:<br><br>Heilendes Licht. Das Ziel erhält Lebenspunkte in Höhe von4d12 plus deinem Modifikator für die Zauberfertigkeit zurück.<br><br>Brennendes Licht. Das Ziel führt einen DEX-Rettungswurf durch und erleidet bei einem 6d12misslungenen Rettungswurf Strahlungsschaden oder bei einem erfolgreichen Rettungswurf die Hälfte dieses Schadens.<br><br>Solange der Zauber wirkt, füllt „Helles Licht"" den Zylinder, und wenn du dich in deinem Zug bewegst, kannst du den Zylinder zudem um bis zu 9 m... bewegen.<br><br>Immer wenn sich der Zylinder in den Bereich einer Kreatur bewegt, die du sehen kannst, und immer wenn eine Kreatur, die du sehen kannst, den Zylinder betritt oder dort ihren Zug beendet, kannst du sie in eines der Lichter tauchen. Eine Kreatur kann pro Zug nur einmal von diesem Zauber betroffen sein.<br><br><b>Auf höheren Level gewirkt:</b>Die Heilung und der Schaden erhöhen sich um1d12 pro Zauberslot-Stufe über 7.";Kleriker;
7;Verzögerter Explosionsfeuerball;Level 7 Hervorrufung;1 Aktion;45 m;V, G, M;Konzentration, bis zu 1 min;(ein Klumpen aus Fledermauskot und Schwefel) Ein gelber Lichtstrahl schießt von dir aus und verdichtet sich für die Dauer des Zaubers an einem ausgewählten Punkt innerhalb der Reichweite zu einer leuchtenden Kugel. Wenn der Zauber endet, explodiert die Kugel, und jede Kreatur in einer Kugel mit 20-footeinem Radius von S, deren Mittelpunkt dieser Punkt ist, muss einen Geschicklichkeitsrettungswurf durchführen. Bei einem misslungenen Rettungswurf erleidet die Kreatur Feuerschaden in Höhe des gesamten angesammelten Schadens, bei einem erfolgreichen Rettungswurf die Hälfte dieses Schadens.<br><br>Der Grundschaden des Zaubers beträgt 12W6, und der Schaden erhöht sich um,1W6 sobald dein Zug endet und der Zauber noch nicht beendet ist.<br><br>Wenn eine Kreatur die leuchtende Perle berührt, bevor der Zauber endet, muss sie einen DEX-Rettungswurf durchführen. Bei einem misslungenen Rettungswurf endet der Zauber und die Perle explodiert. Bei einem erfolgreichen Rettungswurf kann die Kreatur die Perle bis zu 40 feet10 Meter weit werfen. Wenn die geworfene Perle in das Feld einer Kreatur gelangt oder mit einem festen Gegenstand kollidiert, endet der Zauber und die Perle explodiert.<br><br>Wenn die Kugel explodiert, fangen brennbare Gegenstände in der Explosionszone, die nicht am Körper getragen werden, Feuer.<br><br><b>Auf höheren Level gewirkt:</b>Der Grundschaden erhöht sich um1d6 pro Zauberslot-Stufe über 7.;Zauberer, Magier;
7;Gottes Wort;Level 7 Hervorrufung;1 Bonus Aktion;9 m;V;Unmittelbar;"Du sprichst ein Wort aus, das von der Kraft der Höheren Ebenen durchdrungen ist. Jede Kreatur deiner Wahl in Reichweite muss einen CHA-Rettungswurf durchführen. Bei einem misslungenen Rettungswurf erleidet ein Ziel mit 50 oder weniger Trefferpunkten einen Effekt, der von seinen aktuellen Trefferpunkten abhängt, wie in der Tabelle „Effekte göttlicher Worte"" aufgeführt. Unabhängig von seinen Trefferpunkten wird ein Ziel, das ein Himmlischer, ein Elementar, ein Feenwesen oder ein Unhold ist und seinen Rettungswurf verfehlt, in seine Ursprungssphäre zurückgedrängt (sofern es sich nicht bereits dort befindet) und kann 24 Stunden lang auf keine Weise - außer durch einen Wunschzauber - in die aktuelle Sphäre zurückkehren.<br><br>TP-Effekt 0-20 Das Ziel stirbt. 21-30 Das Ziel leidet 1 Stunde lang unter den Zuständen „Blind"", „Taub"" und „Betäubt"". 31-40 Das Ziel leidet 10 Minuten lang unter den Zuständen „Blind"" und „Taub"". 41-50 Das Ziel leidet 1 min lang unter dem Zustand „Taub"".";Kleriker;
7;Ätherischkeit;Level 7 Beschwörung;1 Aktion;Selbst;V, G;bis zu 8 h;"Du betrittst die Grenzgebiete der Ätherischen Ebene, wo sie sich mit deiner aktuellen Ebene überschneidet. Du verbleibst für die Dauer des Zaubers in der Grenz-Ätherischen Ebene. Während dieser Zeit kannst du dich in jede Richtung bewegen. Wenn du dich nach oben oder unten bewegst, kostet dich jeder Schritt einen zusätzlichen Schritt. Du kannst die Ebene wahrnehmen, die du verlassen hast; sie erscheint dir grau, und du kannst dort nicht weiter als60 feet entfernt sehen.<br><br>Solange du dich auf der Ätherischen Ebene befindest, kannst du nur auf Wesen, Gegenstände und Effekte dieser Ebene einwirken und von ihnen beeinflusst werden. Wesen, die sich nicht auf der Ätherischen Ebene befinden, können dich weder wahrnehmen noch mit dir interagieren, es sei denn, eine Eigenschaft verleiht ihnen diese Fähigkeit.<br><br>Wenn der Zauber endet, kehrst du auf die Ebene zurück, die du verlassen hast, und zwar an die Stelle, die deinem Platz im Ätherischen Rand entspricht. Wenn du auf einem besetzten Feld erscheinst, wirst du auf das nächstgelegene freie Feld verschoben und erleidest Kraftschaden in Höhe der doppelten Anzahl an Fuß, um die du verschoben wurdest.<br><br>Dieser Zauber endet Unmittelbar, wenn du ihn wirkst, während du dich auf der Ätherischen Ebene oder einer Ebene befindest, die nicht an diese grenzt, wie beispielsweise einer der Äußeren Ebenen.<br><br><b>Auf höheren Level gewirkt:</b>Du kannst für jede Zauberstufe über 7 bis zu drei bereitwillige Wesen (einschließlich dir selbst) als Ziel wählen. Die Wesen müssen sich in10 feetdeiner Nähe befinden, wenn du den Zauber wirkst.";Barde, Kleriker, Zauberer, Hexenmeister, Magier;
7;Finger des Todes;Level 7 Nekromantie;1 Aktion;18 m;V, G;Unmittelbar;Du entlädst negative Energie auf eine Kreatur, die du in Reichweite sehen kannst. Das Ziel führt einen CON-Rettungswurf durch und erleidet bei einem 7W8 + 30misslungenen Rettungswurf nekrotischen Schaden oder bei einem erfolgreichen Rettungswurf die Hälfte dieses Schadens.<br><br>Ein durch diesen Zauber getöteter Humanoid erwacht zu Beginn deines nächsten Zuges als Zombie (siehe Anhang B), der deinen mündlichen Befehlen folgt.;Zauberer, Hexenmeister, Magier;
7;Feuer-Sturm;Level 7 Hervorrufung;1 Aktion;45 m;V, G;Unmittelbar;Ein Feuersturm erscheint in Reichweite. Der Bereich des Sturms besteht aus bis zu zehn10-footWürfeln, die du nach Belieben anordnen kannst. Jeder Würfel muss an mindestens einen anderen Würfel angrenzen. Jede Kreatur in diesem Bereich führt einen Geschicklichkeitsrettungswurf durch und erleidet bei einem 7d10misslungenen Rettungswurf Feuerschaden oder bei einem erfolgreichen Rettungswurf die Hälfte dieses Schadens.<br><br>Entzündliche Gegenstände in der Umgebung, die nicht getragen oder mitgeführt werden, fangen Feuer.;Kleriker, Druide, Zauberer;
7;Forcecage;Level 7 Hervorrufung;1 Aktion;30 m;V, G, M;Konzentration, bis zu 1 h;"(Rubinstaub im Wert von mindestens 1.500 Goldstücken, den der Zauber verbraucht) Ein unbewegliches, unsichtbares, würfelförmiges Gefängnis aus magischer Kraft entsteht an einem Ort deiner Wahl innerhalb der Reichweite. Das Gefängnis kann je nach deiner Wahl ein Käfig oder eine massive Kiste sein.<br><br>Ein Gefängnis in Form eines Käfigs kann eine Seitenlänge20 feet von bis zu haben und besteht aus Stäben mit einem Durchmesser von1 / 2 - Zoll, die im Abstand1 / 2von Zoll zueinander angeordnet sind. Ein Gefängnis in Form einer Kiste kann eine Seitenlänge von10 feetbis zu haben und bildet eine undurchdringliche Barriere, die verhindert, dass irgendetwas hindurchgelangt, und alle Zauber blockiert, die in den Bereich hinein oder aus ihm heraus gewirkt werden.<br><br>Wenn du den Zauber wirkst, wird jede Kreatur, die sich vollständig innerhalb des Bereichs des Käfigs befindet, gefangen. Kreaturen, die sich nur teilweise innerhalb des Bereichs befinden oder zu groß sind, um hinein zu passen, werden vom Zentrum des Bereichs weggeschoben, bis sie sich vollständig außerhalb davon befinden.<br><br>Eine Kreatur im Inneren des Käfigs kann diesen nicht auf nichtmagische Weise verlassen. Versucht die Kreatur, den Käfig mittels Teleportation oder interplanarer Reise zu verlassen, muss sie zunächst einen CHA-Rettungswurf durchführen. Bei einem erfolgreichen Rettungswurf kann die Kreatur diese Magie nutzen, um den Käfig zu verlassen. Bei einem misslungenen Rettungswurf verlässt die Kreatur den Käfig nicht und verschwendet den Zauber oder den Effekt. Der Käfig erstreckt sich zudem in die Ätherische Ebene hinein und verhindert so Reisen durch diese Ebene.<br><br>Dieser Zauber kann nicht durch „Magie bannen"" gebannt werden.";Barde, Hexenmeister, Magier;
7;Mirage Arcane;Level 7 Illusionsmagie;10 min;Sicht;V, G;10 Tage;"Du kannst ein Gebiet von bis zu1 mile Quadratmetern so gestalten, dass es wie eine andere Art von Gelände aussieht, klingt, riecht und sich sogar so anfühlt. Offene Felder oder eine Straße lassen sich so gestalten, dass sie einem Sumpf, einem Hügel, einer Gletscherspalte oder einem anderen unwegsamen oder unpassierbaren Gelände ähneln. Ein Teich kann wie eine grasbewachsene Wiese wirken, ein Abgrund wie ein sanfter Hang oder eine mit Felsen übersäte Schlucht wie eine breite und ebene Straße.<br><br>Ebenso kannst du das Aussehen von Bauwerken verändern oder sie an Stellen hinzufügen, an denen noch keine vorhanden sind. Der Zauber tarnt, verbirgt oder fügt keine Lebewesen hinzu.<br><br>Die Illusion umfasst akustische, visuelle, taktile und olfaktorische Elemente, sodass sie offenes Gelände in schwieriges Gelände verwandeln (oder umgekehrt) oder die Bewegung durch das Gebiet auf andere Weise behindern kann. Jeder Teil des illusorischen Geländes (wie beispielsweise ein Stein oder ein Ast), der aus dem Wirkungsbereich des Zaubers entfernt wird, verschwindet Unmittelbar.<br><br>Wesen mit „Wahrsicht"" können die Illusion durchschauen und die wahre Gestalt des Geländes erkennen; alle anderen Elemente der Illusion bleiben jedoch bestehen, sodass das Wesen zwar die Anwesenheit der Illusion wahrnimmt, aber dennoch physisch mit ihr interagieren kann.";Barde, Druide, Magier;
7;Mordenkainens prächtige Villa;Level 7 Beschwörung;1 min;90 m;V, G, M;24 h;(eine Miniaturtür im Wert von 15+ GP) Du zauberst eine schimmernde Tür in Reichweite, die für die Dauer des Zaubers bestehen bleibt. Die Tür führt zu einer extradimensionalen Behausung und ist5 feet breit und10 feet hoch. Du und jede Kreatur, die du beim Wirken des Zaubers bestimmst, könnt die extradimensionale Behausung betreten, solange die Tür offen bleibt. Du kannst sie öffnen oder schließen (ohne Aktion), wenn du dich in30 feet Entfernung zu ihr befindest. Im geschlossenen Zustand ist die Tür nicht wahrnehmbar.<br><br>Hinter der Tür befindet sich ein prächtiger Eingangsbereich, hinter dem sich zahlreiche Räume erstrecken. Die Atmosphäre der Wohnung ist klar, frisch und warm.<br><br>Du kannst für die Behausung einen beliebigen Grundriss entwerfen, dieser darf jedoch nicht mehr als 50 aneinandergrenzende10-footWürfel umfassen. Die Behausung ist nach deinen Vorstellungen eingerichtet und dekoriert. Sie enthält genügend Lebensmittel, um ein Neun-Gänge-Menü für bis zu 100 Personen zu servieren. Möbel und andere Gegenstände, die durch diesen Zauber erschaffen wurden, lösen sich in Rauch auf, wenn sie aus der Behausung entfernt werden.<br><br>Ein Stab von 100 fast durchsichtigen Dienern steht allen Besuchern zur Verfügung. Du bestimmst das Aussehen dieser Diener und ihre Kleidung. Sie sind unverwundbar und gehorchen deinen Befehlen. Jeder Diener kann Aufgaben ausführen, die ein Mensch ausführen könnte, aber sie dürfen nicht angreifen oder Handlungen vornehmen, die einem anderen Wesen direkt Schaden zufügen würden. So können die Diener Dinge holen, putzen, reparieren, Kleidung zusammenlegen, Feuer anzünden, Essen servieren, Wein einschenken und so weiter. Die Diener dürfen die Behausung nicht verlassen.<br><br>Wenn der Zauber endet, werden alle Kreaturen und Gegenstände, die sich noch in dem extradimensionalen Raum befinden, in die dem Eingang am nächsten gelegenen freien Räume hinausgeschleudert.;Barde, Magier;
7;Mordenkainens Schwert;Level 7 Hervorrufung;1 Aktion;27 m;V, G, M;Konzentration, bis zu 1 min;(ein Miniaturschwert im Wert von 250+ GP) Du erschaffst ein geisterhaftes Schwert, das innerhalb der Reichweite schwebt. Es bleibt für die gesamte Dauer bestehen.<br><br>Wenn das Schwert erscheint, führst du einen Nahkampf-Zauberangriff gegen ein Ziel in einer Entfernung5 feetvon vom Schwert aus. Bei einem Treffer erleidet das Ziel Kraftschaden in Höhe von4d12 plus deinem Modifikator für die Zauberfertigkeit.<br><br>In deinen späteren Runden kannst du eine Bonus Aktion ausführen, um das Schwert an einen Ort zu bewegen,30 feetden du sehen kannst, und den Angriff gegen dasselbe oder ein anderes Ziel wiederholen.;Barde, Magier;
7;Ebenenwechsel;Level 7 Beschwörung;1 Aktion;Berührung;V, G, M;Unmittelbar;(eine gegabelte Metallstange im Wert von über 250 Goldstücken, die auf eine Existenzebene abgestimmt ist) Du und bis zu acht willige Wesen, die sich im Kreis an den Händen fassen, werdet auf eine andere Existenzebene versetzt. Du kannst ein Ziel in groben Zügen angeben, wie beispielsweise die Stadt aus Messing auf der Elementarebene des Feuers oder den Palast von Dispater auf der zweiten Ebene der Neun Höllen, und ihr erscheint an oder in der Nähe dieses Ziels, wie vom Spielleiter festgelegt.<br><br>Alternativ kann dieser Zauber dich zu einem Teleportationskreis auf einer anderen Existenzebene bringen, sofern du dessen Siegelsequenz kennst. Ist der Teleportationskreis zu klein, um alle transportierten Wesen aufzunehmen, erscheinen diese auf den nächstgelegenen freien Feldern neben dem Kreis.;Kleriker, Druide, Zauberer, Hexenmeister, Magier;
7;Machtwort: Stärkung;Level 7 Verzauberung;1 Aktion;18 m;V;Unmittelbar;Du stärkst bis zu sechs Kreaturen, die du in Reichweite sehen kannst. Der Zauber gewährt 120 temporäre TP, die du unter den Begünstigten des Zaubers aufteilst.;Barde, Kleriker;
7;Prismatischer Sprühnebel;Level 7 Hervorrufung;1 Aktion;Selbst;V, G;Unmittelbar;"Acht Lichtstrahlen schießen in einem60-footKegel von dir aus. Jedes Wesen im Kegel muss einen DEX-Rettungswurf durchführen. Wirf für jedes Ziel einen1d8Würfel, um anhand der Tabelle „Prismatische Strahlen"" zu bestimmen, welcher Farbstrahl es trifft.<br><br>1W8 Strahl 1 Rot. Fehlgeschlagener Rettungswurf:12d6Feuerschaden. Gelungener Rettungswurf: Halbierter Schaden. 2 Orange. Fehlgeschlagener Rettungswurf:12d6Säureschaden. Gelungener Rettungswurf: Halbierter Schaden. 3 Gelb. Fehlgeschlagener Rettungswurf:12d6Blitzschaden. Gelungener Rettungswurf: Halbierter Schaden. 4 Grün. Fehlgeschlagener Rettungswurf:12d6Giftschaden. Erfolgreicher Rettungswurf: Halbierter Schaden. 5 Blau. Fehlgeschlagener Rettungswurf:12W6 Kälteschaden. Erfolgreicher Rettungswurf: Halbierter Schaden. 6 Indigo. Fehlgeschlagener Rettungswurf: Das Ziel erhält den Zustand „Gefesselt"" und führt am Ende jedes seiner Züge einen CON-Rettungswurf durch. Wenn es dreimal erfolgreich rettet, endet der Zustand. Wenn es dreimal scheitert, erhält es den Zustand „Versteinert"", bis es durch einen Effekt wie den Zauber „Große Wiederherstellung"" befreit wird. Die Erfolge und Fehlschläge müssen nicht aufeinanderfolgen; behalte beide im Auge, bis das Ziel drei gleiche Ergebnisse erzielt hat. 7 Violett. Fehlgeschlagener Rettungswurf: Das Ziel erhält den Zustand „Geblendet"" und führt zu Beginn deines nächsten Zuges einen WIS-Rettungswurf durch. Bei einem erfolgreichen Rettungswurf endet der Zustand. Bei einem fehlgeschlagenen Rettungswurf endet der Zustand und die Kreatur teleportiert sich in eine andere Existenzebene (nach Wahl des Spielleiters). 8 Spezial. Das Ziel wird von zwei Strahlen getroffen. Wirf zweimal und wiederhole den Wurf bei einer 8.";Barde, Zauberer, Magier;
7;Projektbild;Level 7 Illusionsmagie;1 Aktion;792 km;V, G, M;Konzentration, bis zu 1 Tag;"(eine Statue von dir selbst im Wert von 5+ GP) Du erschaffst eine illusorische Kopie von dir selbst, die für die Dauer des Zaubers bestehen bleibt. Die Kopie kann an jedem Ort innerhalb der Reichweite erscheinen, den du zuvor gesehen hast, unabhängig von dazwischenliegenden Hindernissen. Die Illusion sieht aus und klingt wie du, ist jedoch nicht greifbar. Wenn die Illusion Schaden erleidet, verschwindet sie und der Zauber endet.<br><br>Du kannst durch die Augen der Illusion sehen und durch ihre Ohren hören, als wärst du selbst an ihrer Stelle. Als magische Aktion kannst du sie bis zu bewegen60 feet und sie gestikulieren, sprechen und sich so verhalten lassen, wie du es möchtest. Sie ahmt deine Verhaltensweisen perfekt nach.<br><br>Durch physischen Kontakt mit dem Bild wird deutlich, dass es sich um eine Illusion handelt, da Gegenstände es durchdringen können. Eine Kreatur, die die Aktion „Untersuchen"" wählt, um das Bild zu begutachten, kann durch einen erfolgreichen Intelligenz-Wurf (Untersuchung) gegen deinen Zauber-Rettungswurf feststellen, dass es sich um eine Illusion handelt. Erkennt eine Kreatur die Illusion als solche, kann sie durch das Bild hindurchsehen, und alle Geräusche, die es erzeugt, klingen für sie hohl.";Barde, Magier;
7;Neu generieren;Level 7 Verwandlungsmagie;1 min;Berührung;V, G, M;1 h;(eine Gebetsmühle) Ein Wesen, das du berührst, gewinnt4d8 + 15Lebenspunkte zurück. Während der Wirkungsdauer gewinnt das Ziel zu Beginn jedes seiner Züge 1 Lebenspunkt zurück, und abgetrennte Körperteile wachsen nach 2 Minuten nach.;Barde, Kleriker, Druide;
7;Auferstehung;Level 7 Nekromantie;1 h;Berührung;V, G, M;Unmittelbar;(ein Diamant im Wert von über 1.000 Goldstücken, den der Zauber verbraucht) Durch eine Berührung erweckst du eine tote Kreatur wieder zum Leben, die seit höchstens einem Jahrhundert tot ist, nicht an Altersschwäche gestorben ist und zum Zeitpunkt ihres Todes kein Untoter war.<br><br>Die Kreatur erwacht mit all ihren Lebenspunkten wieder zum Leben. Dieser Zauber neutralisiert zudem alle Gifte, von denen die Kreatur zum Zeitpunkt ihres Todes befallen war. Dieser Zauber heilt alle tödlichen Wunden und stellt fehlende Körperteile wieder her.<br><br>Die Rückkehr aus dem Tod ist eine Tortur. Das Ziel erhält einen Malus von -4 aufD20Proben. Jedes Mal, wenn das Ziel eine lange Ruhepause beendet, verringert sich der Malus um 1, bis er 0 beträgt.<br><br>Das Wirken dieses Zaubers, um eine Kreatur wiederzubeleben, die seit 365 Tagen oder länger tot ist, kostet dich Kraft. Bis du eine lange Ruhepause beendet hast, kannst du keine Zauber mehr wirken und erleidest Nachteil beiD20Proben.;Barde, Kleriker;
7;Schwerkraft umkehren;Level 7 Verwandlungsmagie;1 Aktion;30 m;V, G, M;Konzentration, bis zu 1 min;(ein Magnetstein und Eisenspäne) Dieser Zauber kehrt die Schwerkraft in einem Zylinder50-foot mit einem Radius von und100-footeiner Höhe von um, dessen Mittelpunkt ein Punkt innerhalb der Reichweite bildet. Alle Wesen und Gegenstände in diesem Bereich, die nicht am Boden verankert sind, fallen nach oben und gelangen an die Spitze des Zylinders. Ein Wesen kann einen DEX-Rettungswurf durchführen, um sich an einem festen Gegenstand festzuhalten, den es erreichen kann, und so den Fall nach oben zu vermeiden.<br><br>Wenn bei diesem Fall nach oben eine Decke oder ein verankertes Objekt getroffen wird, prallen Kreaturen und Objekte genauso darauf auf wie bei einem Fall nach unten. Erreicht eine betroffene Kreatur oder ein betroffenes Objekt die Oberseite des Zylinders, ohne etwas zu berühren, schwebt sie bzw. es dort für die Dauer des Zaubers. Wenn der Zauber endet, fallen die betroffenen Objekte und Kreaturen nach unten.;Druide, Zauberer, Magier;
7;Sequestrierung;Level 7 Verwandlungsmagie;1 Aktion;Berührung;V, G, M;Bis Zauber gebannt wird;"(Edelsteinstaub im Wert von mindestens 5.000 Goldstücken, den der Zauber verbraucht) Durch eine Berührung entziehst du einen Gegenstand oder eine willige Kreatur auf magische Weise der Wahrnehmung. Für die Dauer des Zaubers befindet sich das Ziel im Zustand „Unsichtbar"" und kann nicht von Wahrsagezaubern anvisiert, durch Magie aufgespürt oder aus der Ferne mit Magie beobachtet werden.<br><br>Ist das Ziel eine Kreatur, fällt sie in einen Zustand der Scheintod; sie befindet sich im Zustand „Bewusstlos"", altert nicht und benötigt weder Nahrung noch Wasser oder Luft.<br><br>Du kannst eine Bedingung festlegen, unter der der Zauber vorzeitig endet. Die Bedingung kann beliebig sein, muss jedoch innerhalb1 mileder Reichweite des Ziels eintreten oder sichtbar sein. Beispiele hierfür sind „nach 1.000 Jahren"" oder „wenn der Tarrasque erwacht"". Der Zauber endet ebenfalls, wenn das Ziel Schaden erleidet.";Magier;
7;Simulacrum;Level 7 Illusionsmagie;12 Uhr mittags;Berührung;V, G, M;Bis Zauber gebannt wird;"(Rubinpulver im Wert von mindestens 1.500 Goldstücken, das der Zauber verbraucht) Du erschaffst ein Abbild einer Bestie oder eines Humanoiden, das sich während der gesamten Dauer des Zaubers in10 feetdeiner Nähe befindet. Du beendest die Zauberspruchausführung, indem du sowohl die Kreatur als auch einen Haufen Eis oder Schnee berührst, der genauso groß ist wie diese Kreatur, woraufhin sich der Haufen in das Simulacrum verwandelt, das eine Kreatur ist. Es verwendet die Spielwerte der ursprünglichen Kreatur zum Zeitpunkt der Zauberspruchausführung, außer dass es ein Konstrukt ist, seine maximalen TP nur halb so hoch sind und es diesen Zauberspruch nicht wirken kann.<br><br>Das Simulacrum ist dir und den von dir bestimmten Wesen freundlich gesinnt. Es befolgt deine Befehle und handelt in deinem Zug im Kampf. Das Simulacrum kann keine Stufen aufsteigen und keine kurzen oder langen Ruhepausen einlegen.<br><br>Wenn das Simulacrum Schaden erleidet, kannst du seine TP nur wiederherstellen, indem du es während einer langen Ruhepause reparierst; dabei verbrauchst du pro wiederhergestelltem Trefferpunkt Komponenten im Wert von 100 Goldstücken. Das Simulacrum muss sich während der Reparatur in5 feetdeiner Nähe befinden.<br><br>Das Simulacrum besteht so lange, bis seine TP auf 0 sinken; dann verwandelt es sich wieder in Schnee und schmilzt dahin. Wenn du diesen Zauber erneut wirkst, werden alle Simulacra, die du mit diesem Zauber erschaffen hast, Unmittelbar zerstört.";Magier;
7;Symbol;Level 7 Bannmagie;1 min;Berührung;V, G, M;Until dispelled or triggered;"(Diamantpulver im Wert von 1.000+ GP, das der Zauber verbraucht) Du bringst eine schädliche Glyphe entweder auf einer Oberfläche (wie einem Teil des Bodens oder einer Wand) oder auf einem verschließbaren Gegenstand (wie einem Buch oder einer Truhe) an. Die Glyphe kann einen Bereich mit einem Durchmesser10 feet von höchstens abdecken. Wenn du einen Gegenstand wählst, muss dieser an Ort und Stelle bleiben; wird er mehr als10 feet von der Stelle entfernt, an der du diesen Zauber gewirkt hast, wird die Glyphe zerstört und der Zauber endet, ohne ausgelöst zu werden.<br><br>Das Zeichen ist kaum wahrnehmbar und kann nur erkannt werden, wenn ein erfolgreicher Weisheitswurf (Wahrnehmung) gegen deinen Zauber-Rettungswurf-SG gelingt.<br><br>Wenn du das Symbol einritzt, legst du seinen Auslöser fest und wählst aus, welchen Effekt das Symbol haben soll: Tod, Zwietracht, Angst, Schmerz, Schlaf oder Betäubung. Die einzelnen Effekte werden im Folgenden erläutert.<br><br>Lege den Auslöser fest. Du entscheidest, was das Symbol auslöst, wenn du den Zauber wirkst. Bei Symbolen, die auf eine Oberfläche eingraviert sind, sind häufige Auslöser das Berühren oder Betreten des Symbols, das Entfernen eines anderen Objekts, das es verdeckt, oder das Herannahen auf eine bestimmte Entfernung. Bei Symbolen, die in ein Objekt eingraviert sind, sind häufige Auslöser das Öffnen dieses Objekts oder das Erblicken des Symbols.<br><br>Du kannst den Auslöser so anpassen, dass er nur bei Kreaturen bestimmter Arten ausgelöst wird (die Glyphe könnte beispielsweise so eingestellt werden, dass sie nur auf Aberrationen wirkt). Du kannst auch Bedingungen festlegen, unter denen Kreaturen den Auslöser nicht auslösen, beispielsweise wenn sie ein bestimmtes Passwort sagen.<br><br>Sobald die Glyphe ausgelöst wird, leuchtet sie auf und füllt eine Kugel mit 60-footeinem Radius von S für 10 Minuten mit schwachem Licht; danach endet der Zauber. Jede Kreatur, die sich zum Zeitpunkt der Aktivierung der Glyphe in der Kugel befindet, wird von deren Wirkung erfasst, ebenso wie jede Kreatur, die in diesem Zug zum ersten Mal die Kugel betritt oder ihren Zug dort beendet. Eine Kreatur wird pro Zug nur einmal von der Wirkung erfasst.<br><br>Tod. Jedes Ziel führt einen Konstitutionsrettungswurf durch und erleidet bei einem 10d10misslungenen Rettungswurf nekrotischen Schaden oder bei einem erfolgreichen Rettungswurf die Hälfte dieses Schadens.<br><br>Uneinigkeit. Jedes Ziel führt einen WIS-Rettungswurf durch. Bei einem misslungenen Rettungswurf gerät das Ziel für 1 min in Streit mit anderen Wesen. Während dieser Zeit ist es nicht in der Lage, sich sinnvoll zu verständigen, und erhält Nachteil bei Angriffswürfen und Eigenschaftsproben.<br><br>Angst. Jedes Ziel muss einen WIS-Rettungswurf bestehen, sonst erleidet es für 1 min den Zustand „Verängstigt"". Solange es verängstigt ist, muss sich das Ziel in jedem seiner Züge, sofern möglich, mindestens vom 30 feetGlyphen wegbewegen.<br><br>Schmerz. Jedes Ziel muss einen CON-Rettungswurf bestehen, andernfalls erleidet es für 1 min den Zustand „Handlungsunfähig"".<br><br>Schlaf. Jedes Ziel muss einen WIS-Rettungswurf bestehen, andernfalls befindet es sich 10 Minuten lang im Zustand „Bewusstlos"". Eine Kreatur erwacht, wenn sie Schaden erleidet oder wenn jemand eine Aktion ausführt, um sie wachzurütteln.<br><br>Betäubt. Jedes Ziel muss einen WIS-Rettungswurf bestehen, sonst erleidet es für 1 min den Zustand „Betäubt"".";Barde, Kleriker, Druide, Magier;
7;Teleport;Level 7 Beschwörung;1 Aktion;3 m;V;Unmittelbar;"Dieser Zauber versetzt dich und bis zu acht willige Wesen, die du in Reichweite sehen kannst, oder einen einzelnen Gegenstand, den du in Reichweite sehen kannst, augenblicklich an einen Ort deiner Wahl. Wenn du einen Gegenstand als Ziel wählst, muss dieser groß oder kleiner sein und darf nicht von einem unwilligen Wesen gehalten oder getragen werden.<br><br>Das von dir gewählte Ziel muss dir bekannt sein und sich auf derselben Existenzebene befinden wie du. Wie gut du das Ziel kennst, entscheidet darüber, ob du erfolgreich dort ankommst. Der Spielleiter würfelt1d100und konsultiert die Tabelle „Ergebnisse der Teleportation"" sowie die darauf folgenden Erläuterungen.<br><br>Vertrautheit - Missgeschick - Ähnlicher Bereich - Am Ziel - Nicht am Ziel - Permanenter Kreis - - - 01 --00 Verbundenes Objekt - - - 01 --00 Sehr vertraut 01-05 06-13 14-24 25 - -00Beiläufig gesehen 01-33 34-43 44-53 54 - -00Einmal gesehen oder beschrieben 01-43 44-53 54-73 74 --00 Falsches Ziel 01-50 51-00 - -<br><br>Vertrautheit. Hier sind die Bedeutungen der Begriffe in der Spalte „Vertrautheit"" der Tabelle:<br><br>„Permanenter Kreis"" bezeichnet einen permanenten Teleportationskreis, dessen Siegelsequenz dir bekannt ist. „Verbundenes Objekt"" bedeutet, dass du einen Gegenstand besitzt, der innerhalb der letzten sechs Monate vom gewünschten Zielort stammt, beispielsweise ein Buch aus der Bibliothek eines Zauberers. „Sehr vertraut"" ist ein Ort, den du oft besucht hast, den du sorgfältig studiert hast oder den du sehen kannst, wenn du den Zauber wirkst. „Beiläufig gesehen"" ist ein Ort, den du mehr als einmal gesehen hast, mit dem du aber nicht sehr vertraut bist. „Einmal gesehen oder beschrieben"" bezeichnet einen Ort, den du einmal gesehen hast, möglicherweise mithilfe von Magie, oder einen Ort, den du durch die Beschreibung eines anderen kennst, etwa von einer Karte. „Falsches Ziel"" bezeichnet einen Ort, der nicht existiert. Vielleicht hast du versucht, das Heiligtum eines Feindes zu erblicken, aber stattdessen eine Illusion gesehen, oder du versuchst, dich an einen Ort zu teleportieren, der nicht mehr existiert.<br><br>Panne. Die unberechenbare Magie des Zaubers führt zu einer beschwerlichen Reise. Jedes teleportierte Wesen (oder das Zielobjekt) erleidet3d10 Kraftschaden, und der Spielleiter würfelt erneut auf der Tabelle, um zu bestimmen, wo ihr landet (es können mehrere Pannen auftreten, die jedes Mal Schaden verursachen).<br><br>Ähnliche Umgebung. Du und deine Gruppe (oder das Zielobjekt) erscheinen in einer anderen Umgebung, die der Zielumgebung optisch oder thematisch ähnelt. Ihr erscheint an dem Ort, der dem Zielort am ähnlichsten ist. Wenn ihr beispielsweise auf dem Weg zu eurem Heimlabor seid, könntet ihr im Labor einer anderen Person in derselben Stadt erscheinen.<br><br>Verschossen. Du und deine Gruppe (oder das Zielobjekt) erscheinen2d12kilometerweit vom Ziel entfernt in einer zufälligen Richtung. Wirf1d8für die Richtung: 1 - Osten; 2 - Südosten; 3 - Süden; 4 - Südwesten; 5 - Westen; 6 - Nordwesten; 7 - Norden; oder 8 - Nordosten.<br><br>Genau ins Schwarze. Du und deine Gruppe (oder das Zielobjekt) erscheinen genau dort, wo ihr es beabsichtigt habt.";Barde, Zauberer, Magier;
8;Tierformen;Level 8 Verwandlungsmagie;1 Aktion;9 m;V, G;24 h;Wähle eine beliebige Anzahl williger Wesen, die du in Reichweite sehen kannst. Jedes Ziel verwandelt sich in ein großes oder kleineres Tier deiner Wahl mit einem Herausforderungsgrad von 4 oder weniger. Du kannst für jedes Ziel eine andere Gestalt wählen. In späteren Runden kannst du eine magische Aktion ausführen, um die Ziele erneut zu verwandeln.<br><br>Die Spielwerte des Ziels werden durch die Werte der gewählten Bestie ersetzt, doch das Ziel behält seinen Kreaturentyp, seine TP, seine Trefferpunktwürfel, seine Gesinnung, seine Kommunikationsfähigkeit sowie seine Werte für Intelligenz, Weisheit und Charisma. Die Handlungen des Ziels sind durch die Anatomie der Bestiengestalt eingeschränkt, und es kann keine Zauber wirken. Die Ausrüstung des Ziels verschmilzt mit der neuen Gestalt, und das Ziel kann diese Ausrüstung in dieser Gestalt nicht benutzen.<br><br>Das Ziel erhält so viele temporäre TP, wie die TP der ersten Gestalt betragen, in die es sich verwandelt. Diese temporären TP verfallen, sofern noch welche übrig sind, wenn der Zauber endet. Die Verwandlung hält für die gesamte Dauer an oder bis das Ziel sie als Bonus Aktion beendet.;Druide;
8;Antimagisches Feld;Level 8 Bannmagie;1 Aktion;Selbst;V, G, M;Konzentration, bis zu 1 h;"(Eisenspäne) In10-foot„Emanation"" umgibt dich eine antimagische Aura. Niemand kann innerhalb dieser Aura Zauber wirken, magische Aktionen ausführen oder andere magische Effekte erzeugen, und solche Aktionen können nichts innerhalb der Aura als Ziel wählen oder anderweitig beeinflussen. Magische Eigenschaften von magischen Gegenständen wirken innerhalb der Aura oder auf irgendetwas darin nicht.<br><br>Durch Zauber oder andere magische Wirkungen erzeugte Wirkungsbereiche können nicht in die Aura hineinreichen, und niemand kann sich dorthin hinein- oder herausteleportieren oder dort planare Reisen unternehmen. Portale schließen sich vorübergehend, solange man sich in der Aura befindet.<br><br>Aktive Zauber, mit Ausnahme derer, die von einem Artefakt oder einer Gottheit gewirkt wurden, werden in diesem Bereich unterdrückt. Solange ein Effekt unterdrückt ist, wirkt er nicht, doch die Zeit, in der er unterdrückt ist, wird auf seine Wirkdauer angerechnet.<br><br>„Magie bannen"" hat keine Wirkung auf die Aura, und die von verschiedenen „Antimagiefeld""-Zaubern erzeugten Auren heben sich nicht gegenseitig auf.";Kleriker, Magier;
8;Antipathie / Sympathie;Level 8 Verzauberung;1 h;18 m;V, G, M;10 Tage;"(eine Mischung aus Essig und Honig) Entscheide beim Wirken des Zaubers, ob er Abneigung oder Sympathie hervorruft, und wähle eine Kreatur oder einen Gegenstand als Ziel, der riesig oder kleiner ist. Lege dann eine Kreaturenart fest, beispielsweise rote Drachen, Kobolde oder Vampire. Eine Kreatur der gewählten Art muss einen WIS-Rettungswurf durchführen, sobald sie sich in120 feet Entfernung zum Ziel befindet. Deine Wahl zwischen Abneigung und Sympathie bestimmt, was mit einer Kreatur geschieht, wenn sie diesen Rettungswurf nicht besteht:<br><br>Abneigung. Die Kreatur befindet sich im Zustand „Verängstigt"". Die verängstigte Kreatur muss in ihren Zügen ihre Bewegung nutzen, um sich auf dem sichersten Weg so weit wie möglich vom Ziel zu entfernen.<br><br>Sympathie. Die Kreatur befindet sich im Zustand „Verzaubert"". Die verzauberte Kreatur muss ihre Bewegung in ihren Spielzügen nutzen, um sich dem Ziel über den sichersten Weg so weit wie möglich zu nähern. Befindet sich die Kreatur in5 feetReichweite des Ziels, kann sie sich nicht freiwillig davon entfernen. Fügt das Ziel der verzauberten Kreatur Schaden zu, kann diese einen WIS-Rettungswurf durchführen, um den Effekt zu beenden, wie unten beschrieben.<br><br>Beendigung des Effekts. Beendet die verängstigte oder verzauberte Kreatur ihren Zug mehr als120 feet entfernt vom Ziel, führt sie einen WIS-Rettungswurf durch. Bei einem erfolgreichen Rettungswurf ist die Kreatur nicht mehr vom Ziel betroffen. Eine Kreatur, die diesen Effekt erfolgreich abwehrt, ist 1 min lang immun dagegen; danach kann sie erneut davon betroffen sein.";Barde, Druide, Magier;
8;Verwirrung;Level 8 Verzauberung;1 Aktion;45 m;V, G, M;Unmittelbar;"(ein Schlüsselbund ohne Schlüssel) Du versetzt das Gehirn einer Kreatur, die du in Reichweite sehen kannst, in Schockzustand. Das Ziel muss einen INT-Rettungswurf durchführen.<br><br>Bei einem misslungenen Rettungswurf erleidet das Ziel10d12 psychischen Schaden und kann keine Zauber wirken oder die Aktion „Magie"" ausführen. Alle 30 Tage muss das Ziel den Rettungswurf wiederholen; bei Erfolg endet der Effekt. Der Effekt kann auch durch die Zauber „Große Wiederherstellung"", „Heilen"" oder „Wunsch"" beendet werden.<br><br>Bei einem erfolgreichen Rettungswurf erleidet das Ziel nur halb so viel Schaden.";Barde, Druide, Hexenmeister, Magier;
8;Klon;Level 8 Nekromantie;1 h;Berührung;V, G, M;Unmittelbar;"(ein Diamant im Wert von mindestens 1.000 GP, den der Zauber verbraucht, und ein verschließbares Gefäß im Wert von mindestens 2.000 GP, das groß genug ist, um die zu klonende Kreatur aufzunehmen) Du berührst eine Kreatur oder mindestens 1 Kubikzoll ihres Fleisches. Ein lebloses Duplikat dieser Kreatur bildet sich im Gefäß, das für die Zauberausführung verwendet wurde, und ist nach 120 Tagen ausgewachsen; du entscheidest, ob der fertige Klon genauso alt wie die Kreatur oder jünger ist. Der Klon bleibt leblos und besteht auf unbestimmte Zeit, solange sein Gefäß ungestört bleibt.<br><br>Stirbt das ursprüngliche Wesen, nachdem sich der Klon vollständig gebildet hat, geht dessen Seele auf den Klon über, sofern sie frei ist und bereit ist, zurückzukehren. Der Klon ist dem Original körperlich identisch und verfügt über dieselbe Persönlichkeit, dieselben Erinnerungen und Fähigkeiten, jedoch nicht über die Ausrüstung des Originals. Die Überreste des ursprünglichen Wesens, sofern vorhanden, werden leblos und können nicht wiederbelebt werden, da sich die Seele des Wesens an einem anderen Ort befindet.";Magier;
8;Das Wetter beeinflussen;Level 8 Verwandlungsmagie;10 min;Selbst;V, G, M;Konzentration, bis zu 8 h;(Weihrauch verbrennen) Du übernimmst für die Dauer des Zaubers die Kontrolle über das Wetter in5 milesdeiner Umgebung. Du musst dich im Freien befinden, um diesen Zauber zu wirken, und er endet vorzeitig, wenn du dich in einen Innenraum begibst.<br><br>Wenn du den Zauber wirkst, veränderst du die aktuellen Wetterbedingungen, die vom Spielleiter festgelegt werden. Du kannst Niederschlag, Temperatur und Wind verändern. Es dauert1d4× 10 Minuten, bis die neuen Bedingungen in Kraft treten. Sobald dies geschehen ist, kannst du die Bedingungen erneut verändern. Wenn der Zauber endet, normalisiert sich das Wetter allmählich wieder.<br><br>Wenn du die Wetterbedingungen änderst, suche in den folgenden Tabellen einen aktuellen Zustand und ändere dessen Stufe um eins nach oben oder unten. Wenn du den Wind änderst, kannst du auch dessen Richtung ändern.<br><br>Wetterlage 1 Klar 2 Leichte Bewölkung 3 Bedeckt oder Bodennebel 4 Regen, Hagel oder Schnee 5 Starkregen, heftiger Hagel oder Schneesturm<br><br>Stufe Zustand 1 Hitzewelle 2 Heiß 3 Warm 4 Kühlig 5 Kalt 6 Eisig<br><br>Stufe 1 Windstill 2 Mäßiger Wind 3 Starker Wind 4 Sturm 5 Orkan;Kleriker, Druide, Magier;
8;Halbebenen;Level 8 Beschwörung;1 Aktion;18 m;G;1 h;"Du erschaffst eine schemenhafte, mittelgroße Tür auf einer ebenen, festen Oberfläche, die du innerhalb der Reichweite sehen kannst. Diese Tür lässt sich öffnen und schließen und führt zu einer Halbebene, die in jeder Dimension aus30 feet einem leeren Raum besteht, der aus Holz oder Stein gefertigt ist (nach deiner Wahl).<br><br>Wenn der Zauber endet, verschwindet die Tür, und alle Gegenstände im Inneren der Halbebene verbleiben dort. Auch alle Kreaturen im Inneren verbleiben dort, es sei denn, sie entscheiden sich dafür, beim Verschwinden der Tür durch diese hindurchgeschleudert zu werden; sie landen dann mit dem Zustand „am Boden liegend"" auf den unbesetzten Feldern, die dem ehemaligen Feld der Tür am nächsten liegen.<br><br>Jedes Mal, wenn du diesen Zauber wirkst, kannst du eine neue Halbebene erschaffen oder die Schattenpforte mit einer Halbebene verbinden, die du bei einer früheren Anwendung dieses Zaubers erschaffen hast. Wenn du zudem die Beschaffenheit und den Inhalt einer Halbebene kennst, die durch die Anwendung dieses Zaubers durch ein anderes Wesen erschaffen wurde, kannst du die Schattenpforte stattdessen mit dieser Halbebene verbinden.";Zauberer, Hexenmeister, Magier;
8;Monster besiegen;Level 8 Verzauberung;1 Aktion;18 m;V, G;Konzentration, bis zu 1 h;"Ein Wesen, das sich in Reichweite befindet, muss einen WIS-Rettungswurf bestehen oder erhält für die Dauer des Zaubers den Zustand „Verzaubert"". Das Ziel erhält einen Vorteil bei diesem Rettungswurf, wenn du oder deine Verbündeten gegen es kämpfen. Immer wenn das Ziel Schaden erleidet, wiederholt es den Rettungswurf; bei Erfolg endet der Zauber für das Ziel.<br><br>Solange ihr euch auf derselben Existenzebene befindet, besteht zwischen dir und dem verzauberten Ziel eine telepathische Verbindung. In deinem Zug kannst du diese Verbindung nutzen, um dem Ziel Befehle zu erteilen (keine Aktion erforderlich), wie zum Beispiel „Greife diese Kreatur an"", „Beweg dich dorthin"" oder „Hol diesen Gegenstand"". Das Ziel tut sein Bestes, um in seinem Zug zu gehorchen. Wenn es einen Befehl ausgeführt hat und keine weiteren Anweisungen von dir erhält, handelt und bewegt es sich nach eigenem Ermessen und konzentriert sich darauf, sich selbst zu schützen.<br><br>Du kannst dem Ziel befehlen, eine Reaktion auszuführen, musst dafür aber selbst eine Reaktion ausführen.<br><br><b>Auf höheren Level gewirkt:</b>Mit einem Zauberslot der Stufe 9 hält deine Konzentration länger an (bis zu 8 Stunden).";Barde, Zauberer, Hexenmeister, Magier;
8;Erdbeben;Level 8 Verwandlungsmagie;1 Aktion;150 m;V, G, M;Konzentration, bis zu 1 min;"(ein zerklüfteter Felsen) Wähle einen Punkt auf dem Boden, den du in Sichtweite sehen kannst. Für die Dauer des Zaubers erschüttert ein heftiges Beben den Boden in einem Kreis mit 100-footeinem Radius von [R] um diesen Punkt herum. Der Boden dort gilt als schwieriges Gelände.<br><br>Wenn du diesen Zauber wirkst und während seiner Wirkungsdauer am Ende jedes deiner Züge, muss jede Kreatur am Boden in diesem Bereich einen Geschicklichkeitsrettungswurf durchführen. Bei einem misslungenen Rettungswurf erhält die Kreatur den Zustand „am Boden liegend"" und verliert ihre Konzentration.<br><br>Du kannst auch die folgenden Effekte auslösen.<br><br>Spalten. Am Ende des Zuges, in dem du den Zauber wirkst, öffnen sich insgesamt1d6 Spalten im Wirkungsbereich des Zaubers. Du wählst die Positionen der Spalten, die sich nicht unter Bauwerken befinden dürfen. Jede Spalte ist1d10 ×3 m tief und10 feet breit und erstreckt sich von einem Rand des Wirkungsbereichs des Zaubers zum anderen. Eine Kreatur, die sich im selben Feld wie eine Spalte befindet, muss einen Geschicklichkeitsrettungswurf bestehen oder fällt hinein. Eine Kreatur, die den Rettungswurf besteht, bewegt sich mit dem Rand der Spalte mit, während diese sich öffnet.<br><br>Bauten. Der Bebenzauber fügt jedem Bauwerk im Wirkbereich, das Bodenkontakt hat, beim Wirken des Zaubers sowie am Ende jedes deiner Züge bis zum Ende des Zaubers 50 Schlagschaden zu. Wenn die TP eines Bauwerks auf 0 sinken, stürzt es ein.<br><br>Eine Kreatur, die sich in einer Entfernung von der einstürzenden Struktur befindet, die der Hälfte der Höhe der Struktur entspricht, muss einen Geschicklichkeitsrettungswurf durchführen. Bei einem misslungenen Rettungswurf erleidet die 12d6Kreatur Schlagschaden, erhält den Zustand „am Boden"" und wird unter den Trümmern begraben; um sich zu befreien, muss sie als Aktion einenDC 20 Stärke-Probe (Leichtathletik) durchführen. Bei einem erfolgreichen Rettungswurf erleidet die Kreatur nur die Hälfte des Schadens.";Kleriker, Druide, Zauberer;
8;Schlagfertigkeit;Level 8 Verzauberung;1 Aktion;Selbst;V;1 h;Solange der Zauber wirkt, kannst du bei einem Charisma-Wurf den gewürfelten Wert durch eine 15 ersetzen. Außerdem zeigt jede Magie, die prüfen soll, ob du die Wahrheit sagst, an, dass du ehrlich bist - ganz gleich, was du sagst.;Barde, Hexenmeister;
8;Heilige Aura;Level 8 Bannmagie;1 Aktion;Selbst;V, G, M;Konzentration, bis zu 1 min;"(ein Reliquiar im Wert von 1.000+ GP) Für die Dauer strahlst du eine Aura in Form30-footeiner Emanation aus. Innerhalb dieser Aura erhalten Kreaturen deiner Wahl Vorteil bei allen Rettungswürfen, während andere Kreaturen Nachteil bei Angriffswürfen gegen sie haben. Außerdem muss ein Dämon oder Untoter, der eine betroffene Kreatur mit einem Nahkampfangriff trifft, einen Konstitutionsrettungswurf bestehen, sonst erleidet er bis zum Ende seines nächsten Zuges den Zustand „Blind"".";Kleriker;
8;Brandwolke;Level 8 Beschwörung;1 Aktion;45 m;V, G;Konzentration, bis zu 1 min;"Eine wirbelnde Wolke aus Glut und Rauch füllt eine Kugel mit 20-footeinem Radius von S, deren Mittelpunkt an einem Punkt innerhalb der Reichweite liegt. Der Bereich der Wolke ist stark verdeckt. Sie hält für die gesamte Dauer an oder bis ein starker Wind (wie der durch „Windstoß"" erzeugte) sie zerstreut.<br><br>Wenn die Wolke erscheint, muss jede Kreatur darin einen Geschicklichkeitsrettungswurf durchführen; bei einem misslungenen Rettungswurf erleidet sie10d8Feuerschaden, bei einem erfolgreichen Rettungswurf nur die Hälfte des Schadens. Eine Kreatur muss diesen Rettungswurf auch durchführen, wenn sich die Sphäre in ihren Platz bewegt, wenn sie die Sphäre betritt oder wenn sie ihren Zug dort beendet. Eine Kreatur führt diesen Rettungswurf nur einmal pro Zug durch.<br><br>Die Wolke bewegt10 feetsich zu Beginn jedes deiner Züge in eine Richtung, die du zu Beginn festlegst.";Druide, Zauberer, Magier;
8;Labyrinth;Level 8 Beschwörung;1 Aktion;18 m;V, G;Konzentration, bis zu 10 min;"Du verbannst eine Kreatur, die du in Reichweite sehen kannst, in eine labyrinthartige Halbebene. Das Ziel verbleibt dort für die Dauer des Zaubers oder bis es aus dem Labyrinth entkommt.<br><br>Das Ziel kann eine „Studieren""-Aktion ausführen, um zu versuchen, zu entkommen. Dabei muss es einenDC 20Intelligenz (Ermittlung)-Probe ablegen. Bei Erfolg gelingt ihm die Flucht, und der Zauber endet.<br><br>Wenn der Zauber endet, erscheint das Ziel wieder an der Stelle, die es verlassen hat, oder, falls diese Stelle besetzt ist, an der nächstgelegenen freien Stelle.";Magier;
8;Gedankengang;Level 8 Bannmagie;1 Aktion;Berührung;V, G;24 h;"Solange der Zauber wirkt, ist eine willige Kreatur, die du berührst, immun gegen psychischen Schaden und den Zustand „Verzaubert"". Das Ziel bleibt zudem unbeeindruckt von allem, was seine Emotionen oder Gesinnung wahrnehmen, seine Gedanken lesen oder seinen Aufenthaltsort magisch aufspüren würde, und kein Zauber - nicht einmal „Wunsch"" - kann Informationen über das Ziel sammeln, es aus der Ferne beobachten oder seinen Geist kontrollieren.";Barde, Magier;
8;Machtwort: Betäuben;Level 8 Verzauberung;1 Aktion;18 m;V;Unmittelbar;"Du überwältigst den Geist eines Wesens, das du in Reichweite sehen kannst. Hat das Ziel 150 TP oder weniger, erhält es den Zustand „Betäubt"". Andernfalls beträgt seine Geschwindigkeit 0, bis zu Beginn deines nächsten Zuges.<br><br>Das betäubte Ziel führt am Ende jedes seiner Züge einen CON-Rettungswurf durch und hebt den Zustand bei Erfolg auf.";Barde, Zauberer, Hexenmeister, Magier;
8;Sunburst;Level 8 Hervorrufung;1 Aktion;45 m;V, G, M;Unmittelbar;"(ein Stück Sonnenstein) Strahlendes Sonnenlicht blitzt in einer Kugel mit dem60-foot Radius S auf, deren Mittelpunkt ein von dir gewählter Punkt innerhalb der Reichweite ist. Jede Kreatur in der Kugel muss einen CON-Rettungswurf durchführen. Bei einem misslungenen Rettungswurf erleidet die 12d6Kreatur Strahlungsschaden und ist 1 min lang geblendet. Bei einem erfolgreichen Rettungswurf erleidet sie nur die Hälfte des Schadens.<br><br>Eine Kreatur, die durch diesen Zauber geblendet wurde, führt am Ende jedes ihrer Züge einen weiteren CON-Rettungswurf durch; bei Erfolg endet der Effekt für sie.<br><br>Dieser Zauber beseitigt die Dunkelheit in seinem Wirkungsbereich, die durch einen beliebigen Zauber hervorgerufen wurde.";Kleriker, Druide, Zauberer, Magier;
8;Telepathie;Level 8 Erkenntnismagie;1 Aktion;Unbegrenzt;V, G, M;24 h;(ein Paar miteinander verbundener Silberringe) Du stellst eine telepathische Verbindung zwischen dir und einem willigen Wesen her, das dir vertraut ist. Das Wesen kann sich an einem beliebigen Ort auf derselben Existenzebene wie du befinden. Der Zauber endet, wenn du oder das Ziel sich nicht mehr auf derselben Ebene befinden.<br><br>Solange der Zauber wirkt, können du und das Ziel über diese Verbindung augenblicklich Worte, Bilder, Töne und andere Sinneswahrnehmungen miteinander austauschen, und das Ziel erkennt dich als das Wesen, mit dem es kommuniziert. Der Zauber ermöglicht es dem Wesen, die Bedeutung deiner Worte und aller Sinneswahrnehmungen, die du ihm sendest, zu verstehen.;Magier;
8;Tsunami;Level 8 Beschwörung;1 min;1,584 km;V, G;Konzentration, bis zu 6 Runden (36 s);"An einem Ort deiner Wahl innerhalb der Reichweite entsteht eine Wasserwand. Du kannst die Wand bis zu300 feet lang,90 m hoch und50 feet dick gestalten. Die Wand bleibt für die gesamte Dauer bestehen.<br><br>Wenn die Wand erscheint, muss jedes Wesen in ihrem Wirkungsbereich einen STR-Rettungswurf durchführen; bei einem misslungenen Rettungswurf erleidet es6d10Schlagschaden, bei einem erfolgreichen Rettungswurf nur die Hälfte dieses Schadens.<br><br>Zu Beginn jedes deiner Züge, nachdem die Wand erschienen ist, bewegt sich die Wand zusammen mit allen darin50 feet befindlichen Kreaturen von dir weg. Jede riesige oder kleinere Kreatur innerhalb der Mauer oder auf deren Feld die Mauer bei ihrer Bewegung gelangt, muss einen STR-Rettungswurf bestehen oder Schlagschaden5d10 erleiden. Eine Kreatur kann diesen Schaden nur einmal pro Runde erleiden. Am Ende des Zuges verringert sich die Höhe der Mauer um 15 m, und der Schaden, den die Mauer in späteren Runden verursacht, verringert sich um 1W10. Wenn die Mauer eine Höhe von0 feet erreicht, endet der Zauber.<br><br>Eine Kreatur, die in der Wand gefangen ist, kann sich schwimmend fortbewegen. Aufgrund der Wucht der Welle muss die Kreatur jedoch einen Stärke-Probe (Sport) gegen deinen Zauber-Rettungswurf-SG bestehen, um sich überhaupt bewegen zu können. Wenn sie die Probe nicht besteht, kann sie sich nicht bewegen. Eine Kreatur, die sich aus der Wand herausbewegt, fällt zu Boden.";Druide;
9;Astralprojektion;Level 9 Nekromantie;1 h;3 m;V, G, M;Bis Zauber gebannt wird;"(für jedes Ziel des Zaubers: eine Hyazinthe im Wert von 1.000+ GP und ein Silberbarren im Wert von 100+ GP, die der Zauber vollständig verbraucht) Du und bis zu acht willige Wesen innerhalb der Reichweite versetzt eure Astralkörper in die Astralebene (der Zauber endet Unmittelbar, wenn ihr euch bereits auf dieser Ebene befindet). Der Körper jedes Ziels bleibt in einem Zustand der Scheintod zurück; er befindet sich im Zustand „Bewusstlos"", benötigt weder Nahrung noch Luft und altert nicht.<br><br>Die Astralgestalt eines Ziels gleicht in fast jeder Hinsicht seinem Körper und übernimmt dessen Spielwerte und Besitztümer. Der wesentliche Unterschied besteht in einem silbernen Strang, der zwischen den Schulterblättern der Astralgestalt hervortritt. Der Strang verschwindet nach 0,3 m. Wird der Strang durchtrennt - was nur geschieht, wenn ein Effekt dies vorsieht -, sterben sowohl der Körper als auch die Astralgestalt des Ziels.<br><br>Die Astralgestalt eines Ziels kann sich durch die Astralebene bewegen. In dem Moment, in dem eine Astralgestalt diese Ebene verlässt, bewegen sich der Körper und die Besitztümer des Ziels entlang der silbernen Schnur, wodurch das Ziel auf der neuen Ebene wieder in seinen Körper zurückkehrt.<br><br>Schaden oder andere Effekte, die auf eine Astralform wirken, haben keine Auswirkungen auf den Körper des Ziels und umgekehrt. Wenn der Körper oder die Astralform eines Ziels auf 0 TP sinkt, endet der Zauber für dieses Ziel. Der Zauber endet für alle Ziele, wenn du eine magische Aktion ausführst, um ihn zu beenden.<br><br>Wenn der Zauber für ein Ziel endet, das nicht tot ist, erscheint das Ziel wieder in seinem Körper und erwacht aus dem Scheintod.";Kleriker, Hexenmeister, Magier;
9;Weitsicht;Level 9 Erkenntnismagie;1 min;Berührung;V, G, M;8 h;(eine Kolibrifeder) Du berührst ein williges Wesen und verleihst ihm die begrenzte Fähigkeit, in die unmittelbare Zukunft zu blicken. Für die Dauer des Zaubers hat das Ziel einen Vorteil beiD20Proben, und andere Wesen haben einen Nachteil bei Angriffswürfen gegen es. Der Zauber endet vorzeitig, wenn du ihn erneut wirkst.;Barde, Druide, Hexenmeister, Magier;
9;Straße;Level 9 Beschwörung;1 Aktion;18 m;V, G, M;Konzentration, bis zu 1 min;(ein Diamant im Wert von über 5.000 GP) Du beschwörst ein Portal, das einen freien Ort, den du innerhalb der Reichweite sehen kannst, mit einem bestimmten Ort auf einer anderen Existenzebene verbindet. Das Portal ist eine kreisförmige Öffnung, deren Durchmesser du auf 5 bis20 feet festlegen kannst. Du kannst das Portal in jede beliebige Richtung ausrichten. Das Portal bleibt für die Dauer des Zaubers bestehen, und der Zielort des Portals ist durch es hindurch sichtbar.<br><br>Das Portal hat auf jeder Ebene, auf der es erscheint, eine Vorderseite und eine Rückseite. Das Durchqueren des Portals ist nur möglich, indem man sich durch seine Vorderseite bewegt. Alles, was dies tut, wird augenblicklich auf die andere Ebene transportiert und erscheint an der dem Portal am nächsten gelegenen freien Stelle.<br><br>Götter und andere Herrscher der Ebenen können verhindern, dass sich durch diesen Zauber erschaffene Portale in ihrer Gegenwart oder irgendwo innerhalb ihrer Domänen öffnen.<br><br>Wenn du diesen Zauber wirkst, kannst du den Namen einer bestimmten Kreatur nennen (ein Pseudonym, ein Titel oder ein Spitzname funktioniert nicht). Befindet sich diese Kreatur auf einer anderen Ebene als der, auf der du dich befindest, öffnet sich das Portal neben der genannten Kreatur und befördert sie auf den nächsten freien Platz auf deiner Seite des Portals. Du erlangst keine besondere Macht über die Kreatur, und sie kann sich so verhalten, wie es der Spielleiter für angemessen hält. Sie könnte weggehen, dich angreifen oder dir helfen.;Kleriker, Zauberer, Hexenmeister, Magier;
9;Freiheitsentzug;Level 9 Bannmagie;1 min;9 m;V, G, M;Bis Zauber gebannt wird;"(eine Statuette des Ziels im Wert von 5.000+ GP) Du erschaffst eine magische Fessel, um eine Kreatur festzuhalten, die du innerhalb der Reichweite sehen kannst. Das Ziel muss einen WIS-Rettungswurf durchführen. Bei einem erfolgreichen Rettungswurf bleibt das Ziel unbeeinträchtigt und ist für die nächsten 24 Stunden immun gegen diesen Zauber. Bei einem misslungenen Rettungswurf wird das Ziel gefangen gehalten. Während der Gefangenschaft muss das Ziel weder atmen noch essen oder trinken, und es altert nicht. Wahrsagezauber können das gefangene Ziel nicht orten oder wahrnehmen, und das Ziel kann sich nicht teleportieren.<br><br>Bis das Zauber wirkt, wirkt auf das Ziel zudem einer der folgenden Effekte deiner Wahl:<br><br>Einsperrung. Das Ziel wird unter der Erde in einer hohlen Kugel aus magischer Kraft eingeschlossen, die gerade groß genug ist, um das Ziel aufzunehmen. Nichts kann in die Kugel hinein- oder aus ihr herausgelangen.<br><br>Fesseln. Fest im Boden verankerte Ketten halten das Ziel an Ort und Stelle. Das Ziel befindet sich im Zustand „Gefesselt"" und kann auf keine Weise bewegt werden.<br><br>Abgeschirmtes Gefängnis. Das Ziel ist in einer Halbebene gefangen, die gegen Teleportation und Reisen zwischen den Ebenen geschützt ist. Die Halbebene kann nach deiner Wahl ein Labyrinth, ein Käfig, ein Turm oder etwas Ähnliches sein.<br><br>„Minimus Containment"". Das Ziel wird1 inch groß und ist in einem unzerstörbaren Edelstein oder einem ähnlichen Gegenstand gefangen. Licht kann den Edelstein durchdringen (sodass das Ziel nach draußen sehen kann und andere Wesen hineinsehen können), aber nichts anderes kann ihn auf irgendeine Weise durchdringen.<br><br>Schlaf. Das Ziel befindet sich im Zustand „Bewusstlos"" und kann nicht geweckt werden.<br><br>Den Zauber beenden. Wenn du den Zauber wirkst, lege einen Auslöser fest, der ihn beendet. Der Auslöser kann so einfach oder so komplex sein, wie du möchtest, aber der Spielleiter muss zustimmen, dass es sehr wahrscheinlich ist, dass er innerhalb der nächsten zehn Jahre eintritt. Der Auslöser muss eine beobachtbare Handlung sein, beispielsweise dass jemand im Tempel deines Gottes ein bestimmtes Opfer darbringt, deine wahre Liebe rettet oder ein bestimmtes Monster besiegt.<br><br>Ein Zauber zum Aufheben von Magie kann den Zauber nur beenden, wenn er mit einem Zauberslot der Stufe 9 gewirkt wird und entweder auf das Gefängnis oder auf die Komponente abzielt, die zu dessen Erschaffung verwendet wurde.";Hexenmeister, Magier;
9;Massenheilung;Level 9 Bannmagie;1 Aktion;18 m;V, G;Unmittelbar;"Eine Flut heilender Energie strömt von dir auf die Wesen in deiner Umgebung. Du stellst bis zu 700 TP wieder her, die du nach Belieben auf beliebig viele Wesen verteilst, die du in Reichweite sehen kannst. Bei den durch diesen Zauber geheilten Wesen werden außerdem die Zustände „Geblendet"", „Betäubt"" und „Vergiftet"" aufgehoben.";Kleriker;
9;Meteorenschauer;Level 9 Hervorrufung;1 Aktion;1,584 km;V, G;Unmittelbar;Lodernde Feuerkugeln stürzen an vier verschiedenen Punkten, die du in Reichweite sehen kannst, auf den Boden. Jede Kreatur innerhalb einer Kugel mit 40-footeinem Radius von S, deren Mittelpunkt an jedem dieser Punkte liegt, muss einen Geschicklichkeitsrettungswurf durchführen. Bei einem misslungenen Rettungswurf erleidet die 20d6Kreatur Feuerschaden und20d6 Stumpfschaden, bei einem erfolgreichen Rettungswurf nur die Hälfte dieses Schadens. Eine Kreatur, die sich im Wirkungsbereich von mehr als einer feurigen Kugel befindet, wird nur einmal getroffen.<br><br>Ein nichtmagischer Gegenstand, der weder getragen noch mitgeführt wird, erleidet ebenfalls Schaden, wenn er sich im Wirkungsbereich des Zaubers befindet, und beginnt zu brennen, sofern er brennbar ist.;Zauberer, Magier;
9;Machtwort: Heilen;Level 9 Verzauberung;1 Aktion;18 m;V;Unmittelbar;"Eine Welle heilender Energie überflutet eine Kreatur, die du in Reichweite sehen kannst. Das Ziel erhält alle seine TP zurück. Wenn die Kreatur unter dem Zustand „Verzaubert"", „Verängstigt"", „Gelähmt"", „Vergiftet"" oder „Betäubt"" leidet, endet dieser Zustand. Wenn die Kreatur den Zustand „Am Boden liegend"" hat, kann sie ihre Reaktion nutzen, um aufzustehen.";Barde, Kleriker;
9;Machtwort: Töten;Level 9 Verzauberung;1 Aktion;18 m;V;Unmittelbar;Du zwingst eine Kreatur, die du in Reichweite sehen kannst, zu sterben. Hat das Ziel 100 TP oder weniger, stirbt es. Andernfalls erleidet es12d12 psychischen Schaden.;Barde, Zauberer, Hexenmeister, Magier;
9;Prismatische Wand;Level 9 Bannmagie;1 Aktion;18 m;V, G;10 min;"Eine schimmernde, vielfarbige Lichtfläche bildet eine vertikale, undurchsichtige Wand - bis zu90 feet lang,9 m hoch und1 inch dick -, deren Mittelpunkt an einem Punkt innerhalb der Reichweite liegt. Alternativ kannst du die Wand zu einer Kugel mit einem Durchmesser30 feet von bis zu formen, deren Mittelpunkt an einem Punkt innerhalb der Reichweite liegt. Die Wand bleibt für die Dauer des Zaubers bestehen. Wenn du die Wand an einem Ort platzierst, an dem sich eine Kreatur befindet, endet der Zauber Unmittelbar und ohne Wirkung.<br><br>Die Wand strahlt im Inneren helles100 feet Licht aus und in einem Umkreis von dunkles Licht. Du und Kreaturen, 100 feetdie du beim Wirken des Zaubers bestimmst, könnt die Wand ungehindert passieren und euch in ihrer Nähe aufhalten, ohne Schaden zu nehmen. Wenn sich eine andere Kreatur, die die Wand sehen kann, in20 feeteinen Umkreis von zu ihr bewegt oder ihren Zug dort beginnt, muss sie einen CON-Rettungswurf bestehen, andernfalls erleidet sie für 1 min den Zustand „Geblendet"".<br><br>Die Wand besteht aus sieben Schichten, von denen jede eine andere Farbe hat. Wenn ein Wesen in die Wand hineingreift oder sie durchquert, durchläuft es nacheinander alle Schichten. Jede Schicht zwingt das Wesen zu einem Geschicklichkeitsrettungswurf; andernfalls unterliegt es den Eigenschaften dieser Schicht, wie in der Tabelle „Prismatische Schichten"" beschrieben.<br><br>Die Mauer, die eine Rüstungsklasse von 10 besitzt, kann Schicht für Schicht zerstört werden, und zwar in der Reihenfolge von rot nach violett, wobei für jede Schicht spezifische Mittel erforderlich sind. Wird eine Schicht zerstört, bleibt sie für die Dauer des Zaubers verschwunden. „Antimagisches Feld"" hat keine Wirkung auf die Mauer, und „Magie bannen"" kann nur auf die violette Schicht wirken.<br><br>Effekte der Stufe 1 Rot. Fehlgeschlagener Rettungswurf:12d6Feuerschaden. Gelungener Rettungswurf: Halbierter Schaden. Zusätzliche Effekte: Nichtmagische Fernkampfangriffe können diese Schicht nicht durchdringen; sie wird zerstört, wenn sie mindestens 25 Kälteschaden erleidet. 2 Orange. Fehlgeschlagener Rettungswurf:12d6Säureschaden. Erfolgreicher Rettungswurf: Halbierter Schaden. Zusätzliche Effekte: Magische Fernkampfangriffe können diese Schicht nicht durchdringen; sie wird durch starken Wind (wie den von „Windstoß"" erzeugten) zerstört. 3 Gelb. Fehlgeschlagener Rettungswurf:12d6Blitzschaden. Erfolgreicher Rettungswurf: Halbierter Schaden. Zusätzliche Effekte: Die Schicht wird zerstört, wenn sie mindestens 60 Kraftschaden erleidet. 4 Grün. Fehlgeschlagener Rettungswurf:12d6Giftschaden. Erfolgreicher Rettungswurf: Halbierter Schaden. Zusätzliche Effekte: Ein „Passwall""-Zauber oder ein anderer Zauber gleicher oder höherer Stufe, der ein Portal in einer festen Oberfläche öffnen kann, zerstört diese Schicht. 5 Blau. Fehlgeschlagener Rettungswurf:12W6 Kälteschaden. Erfolgreicher Rettungswurf: Halbierter Schaden. Zusätzliche Effekte: Die Schicht wird zerstört, wenn sie mindestens 25 Feuerschaden erleidet. 6 Indigo. Fehlgeschlagener Rettungswurf: Das Ziel erhält den Zustand „Gefesselt"" und führt am Ende jedes seiner Züge einen CON-Rettungswurf durch. Wenn es dreimal erfolgreich rettet, endet der Zustand. Wenn es dreimal scheitert, erhält es den Zustand „Versteinert"", bis es durch einen Effekt wie den Zauber „Große Wiederherstellung"" befreit wird. Die Erfolge und Fehlschläge müssen nicht aufeinanderfolgen; behalte beide im Auge, bis das Ziel drei gleiche Ergebnisse erzielt hat. Zusätzliche Effekte: Durch diese Schicht können keine Zauber gewirkt werden; sie wird durch „Helles Licht"" zerstört, das vom Zauber „Tageslicht"" ausgestrahlt wird. 7 Violett. Fehlgeschlagener Rettungswurf: Das Ziel erhält den Zustand „Geblendet"" und muss zu Beginn deines nächsten Zuges einen WIS-Rettungswurf durchführen. Bei einem erfolgreichen Rettungswurf endet der Zustand. Bei einem misslungenen Rettungswurf endet der Zustand und die Kreatur teleportiert sich in eine andere Existenzebene (nach Wahl des Spielleiters). Zusatzeffekte: Diese Schicht wird durch „Magie bannen"" zerstört.";Barde, Magier;
9;Shapechange;Level 9 Verwandlungsmagie;1 Aktion;Selbst;V, G, M;Konzentration, bis zu 1 h;"(ein Jadereif im Wert von 1.500+ GP) Du verwandelst dich für die Dauer des Zaubers in ein anderes Wesen oder bis du eine magische Aktion ausführst, um dich in eine andere zulässige Gestalt zu verwandeln. Die neue Gestalt muss von einem Wesen stammen, dessen Herausforderungsgrad nicht höher ist als deine Stufe oder dein Herausforderungsgrad. Du musst diese Art von Wesen bereits gesehen haben, und es darf sich nicht um ein Konstrukt oder einen Untoten handeln.<br><br>Wenn du den Zauber wirkst, erhältst du so viele temporäre TP, wie die erste Gestalt, in die du dich verwandelst, TP hat. Diese temporären TP verfallen, falls noch welche übrig sind, wenn der Zauber endet.<br><br>Deine Spielstatistiken werden durch den Statistikblock der gewählten Gestalt ersetzt, aber du behältst deinen Kreaturentyp, deine Gesinnung, deine Persönlichkeit, deine Werte für Intelligenz, Weisheit und Charisma, deine TP, deine Trefferpunktwürfel, deine Fertigkeiten und deine Kommunikationsfähigkeit. Wenn du über die Eigenschaft „Zaubersprechen"" verfügst, behältst du diese ebenfalls.<br><br>Wenn du deine Gestalt veränderst, entscheidest du, ob deine Ausrüstung auf den Boden fällt oder sich in Größe und Form anpasst, um sich deiner neuen Gestalt anzupassen, solange du diese annimmst.";Druide, Magier;
9;Sturm der Rache;Level 9 Beschwörung;1 Aktion;1,584 km;V, G;Konzentration, bis zu 1 min;"Für die Dauer des Zaubers bildet sich eine wirbelnde Gewitterwolke, deren Mittelpunkt an einem Punkt innerhalb der Reichweite liegt und die sich bis zu einem Radius von 300 feetausbreitet. Jede Kreatur, die sich bei Erscheinen der Wolke unter ihr befindet, muss einen CON-Rettungswurf bestehen oder erleidet2d6 Blitzschaden und erhält für die Dauer des Zaubers den Zustand „Betäubt"".<br><br>Zu Beginn jedes deiner späteren Züge löst der Sturm verschiedene Effekte aus, wie unten beschrieben.<br><br>Runde 2. Es fällt saurer Regen. Jede Kreatur und jeder Gegenstand unter der Wolke erleidet4d6Säureschaden.<br><br>Runde 3. Du rufst sechs Blitze aus der Wolke herab, die sechs verschiedene Kreaturen oder Objekte unter ihr treffen. Jedes Ziel muss einen Geschicklichkeitsrettungswurf durchführen und erleidet bei einem 10d6misslungenen Rettungswurf Blitzschaden oder bei einem erfolgreichen Rettungswurf die Hälfte dieses Schadens.<br><br>Runde 4. Hagelkörner prasseln herab. Jede Kreatur unter der Wolke erleidet 2d6Schlagschaden.<br><br>Wende 5-10. Windböen und Eisregen peitschen den Bereich unter der Wolke. Jedes Wesen dort erleidet1d6Kälteschaden. Bis zum Ende des Zaubers gilt der Bereich als schwieriges Gelände und ist stark verdeckt; Fernkampfangriffe mit Waffen sind dort unmöglich, und starker Wind fegt durch den Bereich.";Druide;
9;Zeitstopp;Level 9 Verwandlungsmagie;1 Aktion;Selbst;V;Unmittelbar;Du hältst den Lauf der Zeit für alle außer dir selbst kurzzeitig an. Für andere Wesen vergeht keine Zeit, während du mehrere Runden 1W4 + 1hintereinander hast, in denen du wie gewohnt Aktionen ausführen und dich bewegen kannst.<br><br>Dieser Zauber endet, wenn eine der Aktionen, die du während dieser Zeit ausführst, oder ein Effekt, den du während dieser Zeit erzeugst, eine andere Kreatur als dich selbst oder einen Gegenstand betrifft, der von einer anderen Person als dir getragen oder mitgeführt wird. Außerdem endet der Zauber, wenn du dich an einen Ort bewegst, der mehr als 1 Feld000 feet von dem Ort entfernt ist, an dem du ihn gewirkt hast.;Zauberer, Magier;
9;Wahrer Polymorph;Level 9 Verwandlungsmagie;1 Aktion;9 m;V, G, M;Konzentration, bis zu 1 h;"(ein Tropfen Quecksilber, ein Klecks Gummi arabicum und ein Hauch von Rauch) Wähle eine Kreatur oder einen nichtmagischen Gegenstand, die bzw. den du in Reichweite sehen kannst. Die Kreatur verwandelt sich in eine andere Kreatur oder einen nichtmagischen Gegenstand, oder der Gegenstand verwandelt sich in eine Kreatur (der Gegenstand darf weder getragen noch mitgeführt werden). Die Verwandlung hält für die Dauer des Zaubers an oder bis das Ziel stirbt oder zerstört wird; wenn du jedoch die Konzentration auf diesen Zauber für die gesamte Dauer aufrechterhältst, hält der Zauber so lange an, bis er gebannt wird.<br><br>Ein Wesen, das sich dem Zauber widersetzt, kann einen WIS-Rettungswurf durchführen; bei Erfolg bleibt es von diesem Zauber unberührt.<br><br>Kreatur in Kreatur. Wenn du eine Kreatur in eine andere Art von Kreatur verwandelst, kann die neue Gestalt jede beliebige Art sein, deren Herausforderungsgrad dem Herausforderungsgrad oder der Stufe des Ziels entspricht oder darunter liegt. Die Spielwerte des Ziels werden durch den Werteblock der neuen Gestalt ersetzt, doch es behält seine TP, Trefferpunktwürfel, Gesinnung und Persönlichkeit bei.<br><br>Das Ziel erhält so viele temporäre TP, wie die neue Gestalt TP hat. Diese temporären TP verfallen, sofern noch welche übrig sind, wenn der Zauber endet.<br><br>Das Ziel ist in seinen Handlungsmöglichkeiten durch die Anatomie seiner neuen Gestalt eingeschränkt und kann weder sprechen noch Zauber wirken.<br><br>Die Ausrüstung des Ziels verschmilzt mit der neuen Gestalt. Die Kreatur kann diese Ausrüstung weder benutzen noch anderweitig davon profitieren.<br><br>Objekt in Kreatur. Du kannst ein Objekt in jede beliebige Kreatur verwandeln, solange diese nicht größer ist als das Objekt und einen Herausforderungsgrad von 9 oder weniger hat. Die Kreatur verhält sich dir und deinen Verbündeten gegenüber freundlich. Im Kampf ist sie unmittelbar nach dir an der Reihe und befolgt deine Befehle.<br><br>Wenn der Zauber länger als eine Stunde wirkt, hast du keine Kontrolle mehr über die Kreatur. Je nachdem, wie du sie behandelt hast, bleibt sie dir möglicherweise weiterhin wohlgesonnen.<br><br>Kreatur in Gegenstand. Wenn du eine Kreatur in einen Gegenstand verwandelst, nimmt sie zusammen mit allem, was sie trägt oder bei sich hat, diese Gestalt an, sofern der Gegenstand nicht größer ist als die Kreatur. Die Werte der Kreatur entsprechen nun denen des Gegenstands, und die Kreatur hat keine Erinnerung an die Zeit, die sie in dieser Gestalt verbracht hat, nachdem der Zauber endet und sie wieder ihre normale Gestalt annimmt.";Barde, Hexenmeister, Magier;
9;Wahre Auferstehung;Level 9 Nekromantie;1 h;Berührung;V, G, M;Unmittelbar;"(Diamanten im Wert von mindestens 25.000 GP, die der Zauber verbraucht) Du berührst eine Kreatur, die seit höchstens 200 Jahren tot ist und nicht an Altersschwäche gestorben ist. Die Kreatur wird mit all ihren Trefferpunkten wiederbelebt.<br><br>Dieser Zauber verschließt alle Wunden, neutralisiert jegliches Gift, heilt alle magischen Infektionen und hebt alle Flüche auf, die zum Zeitpunkt ihres Todes auf der Kreatur lasteten. Der Zauber ersetzt beschädigte oder fehlende Organe und Gliedmaßen. War die Kreatur ein Untoter, wird sie in ihre nicht-untote Gestalt zurückversetzt.<br><br>Der Zauber kann einen neuen Körper bereitstellen, wenn der ursprüngliche nicht mehr existiert; in diesem Fall musst du den Namen der Kreatur aussprechen. Die Kreatur erscheint dann an einem freien Platz deiner Wahl in10 feetdeiner Nähe.";Kleriker, Druide;
9;Seltsam;Level 9 Illusionsmagie;1 Aktion;36 m;V, G;Konzentration, bis zu 1 min;"Du versuchst, in den Köpfen anderer Menschen illusorische Ängste zu erzeugen. Jedes Wesen deiner Wahl in einer Kugel mit dem30-foot Radius S, deren Mittelpunkt ein Punkt innerhalb der Reichweite ist, muss einen WIS-Rettungswurf durchführen. Bei einem misslungenen Rettungswurf erleidet das Ziel10d10 psychischen Schaden und erhält für die Dauer des Zaubers den Zustand „Verängstigt"". Bei einem erfolgreichen Rettungswurf erleidet das Ziel nur die Hälfte des Schadens.<br><br>Ein verängstigtes Ziel führt am Ende jedes seiner Züge einen Weisheitsrettungswurf durch. Bei einem misslungenen Rettungswurf erleidet es5d10 psychischen Schaden. Bei einem erfolgreichen Rettungswurf endet der Zauber für dieses Ziel.";Hexenmeister, Magier;
9;Wunsch;Level 9 Beschwörung;1 Aktion;Selbst;V;Unmittelbar;"Ein Wunsch ist der mächtigste Zauber, den ein Sterblicher wirken kann. Allein durch das Aussprechen kannst du die Realität selbst verändern.<br><br>Im Grunde dient dieser Zauber dazu, jeden anderen Zauber der Stufe 8 oder niedriger zu duplizieren. Wenn du ihn auf diese Weise einsetzt, musst du keine Voraussetzungen erfüllen, um diesen Zauber zu wirken, auch keine teuren Komponenten. Der Zauber entfaltet einfach seine Wirkung.<br><br>Alternativ kannst du einen der folgenden Effekte deiner Wahl erstellen:<br><br>Gegenstandserschaffung. Du erschaffst einen Gegenstand im Wert von bis zu 25.000 GP, der kein magischer Gegenstand ist. Der Gegenstand darf in keiner Dimension300 feet größer als sein und erscheint an einer freien Stelle auf dem Boden, die du sehen kannst. Sofortige Heilung. Du gewährst dir selbst und bis zu zwanzig Kreaturen, die du sehen kannst, die Wiederherstellung aller TP und beendest alle auf sie wirkenden Effekte, die im Zauber „Große Wiederherstellung"" aufgeführt sind. Widerstand. Du gewährst bis zu zehn Kreaturen, die du sehen kannst, Widerstand gegen eine Schadensart deiner Wahl. Dieser Widerstand ist dauerhaft. Zauberimmunität. Du gewährst bis zu zehn Kreaturen, die du sehen kannst, für 8 Stunden Immunität gegen einen einzelnen Zauber oder einen anderen magischen Effekt. Plötzliches Lernen. Du ersetzt eine deiner Talente durch ein anderes Talent, für das du qualifiziert bist. Du verlierst alle Vorteile der alten Fertigkeit und erhältst die Vorteile der neuen. Du kannst keine Fertigkeit ersetzen, die eine Voraussetzung für eine deiner anderen Fertigkeiten oder Eigenschaften ist. Würfelwiederholung. Du machst ein einzelnes kürzlich erfolgtes Ereignis rückgängig, indem du eine Wiederholung eines beliebigen Würfelwurfs erzwingst, der in der letzten Runde (einschließlich deines letzten Zuges) erfolgt ist. Die Realität passt sich dem neuen Ergebnis an. Zum Beispiel könnte ein „Wunsch""-Zauber den missglückten Rettungswurf eines Verbündeten oder den kritischen Treffer eines Gegners rückgängig machen. Du kannst erzwingen, dass der erneute Wurf mit Vorteil oder Nachteil erfolgt, und du entscheidest, ob du den erneuten Wurf oder den ursprünglichen Wurf verwendest. Die Realität neu gestalten. Du kannst dir etwas wünschen, das in keinem der anderen Effekte enthalten ist. Um dies zu tun, teile dem DM deinen Wunsch so präzise wie möglich mit. Der DM hat großen Spielraum bei der Entscheidung, was in einem solchen Fall geschieht; je größer der Wunsch, desto größer die Wahrscheinlichkeit, dass etwas schiefgeht. Dieser Zauber könnte einfach fehlschlagen, der gewünschte Effekt könnte nur teilweise erzielt werden, oder du könntest aufgrund der Formulierung deines Wunsches eine unvorhergesehene Konsequenz erleiden. Wenn du dir beispielsweise wünschst, dass ein Bösewicht tot ist, könnte dich das in der Zeit in eine Epoche versetzen, in der dieser Bösewicht nicht mehr lebt, wodurch du effektiv aus dem Spiel genommen würdest. Ähnlich könnte der Wunsch nach einem legendären magischen Gegenstand oder einem Artefakt dich augenblicklich in die Gegenwart des aktuellen Besitzers des Gegenstands versetzen. Wenn dein Wunsch erfüllt wird und seine Auswirkungen Folgen für eine ganze Gemeinschaft, Region oder Welt haben, wirst du wahrscheinlich mächtige Feinde auf dich ziehen. Wenn dein Wunsch einen Gott betreffen würde, könnten die göttlichen Diener dieses Gottes Unmittelbar eingreifen, um ihn zu verhindern oder dich dazu zu bewegen, den Wunsch auf eine bestimmte Weise zu formulieren. Wenn dein Wunsch das Multiversum selbst zunichte machen, die Stadt Sigil bedrohen oder die Herrin des Schmerzes in irgendeiner Weise beeinträchtigen würde, siehst du für einen Moment ein Bild von ihr vor deinem inneren Auge; sie schüttelt den Kopf, und dein Wunsch scheitert.<br><br>Der Stress, den du erleidest, wenn du „Wunsch"" wirkst, um einen anderen Effekt als die Duplizierung eines anderen Zaubers zu erzielen, schwächt dich. Nachdem du diesen Stress überstanden hast, erleidest du jedes Mal, wenn du einen Zauber wirkst, 1d10bis du eine lange Ruhepause beendet hast, nekrotischen Schaden pro Stufe dieses Zaubers. Dieser Schaden kann in keiner Weise gemindert oder verhindert werden. Außerdem sinkt dein Stärke-Wert für2d4 Tage auf 3. Für jeden dieser Tage, an denen du dich ausruhst und nichts weiter als leichte Aktivitäten verrichtest, verringert sich deine verbleibende Erholungszeit um 2 Tage. Schließlich besteht eine Wahrscheinlichkeit von 33 Prozent, dass du „Wunsch"" nie wieder wirken kannst, wenn du diesen Stress erleidest.";Zauberer, Magier;
